date,nowcast7_est,state
2021-12-07,394.9,DE-BB
2021-12-06,389.1,DE-BB
2021-12-05,355.1,DE-BB
2021-12-04,324.2,DE-BB
2021-12-03,290.5,DE-BB
2021-12-02,282.4,DE-BB
2021-12-01,267.7,DE-BB
2021-11-30,289.5,DE-BB
2021-11-29,278.1,DE-BB
2021-11-28,293.2,DE-BB
2021-11-27,302.7,DE-BB
2021-11-26,276.3,DE-BB
2021-11-25,270,DE-BB
2021-11-24,286.5,DE-BB
2021-11-23,264.5,DE-BB
2021-11-22,259.9,DE-BB
2021-11-21,244.5,DE-BB
2021-11-20,231.2,DE-BB
2021-11-19,233.8,DE-BB
2021-11-18,218.7,DE-BB
2021-11-17,191.5,DE-BB
2021-11-16,184.2,DE-BB
2021-11-15,182.6,DE-BB
2021-11-14,190.5,DE-BB
2021-11-13,199.4,DE-BB
2021-11-12,199.9,DE-BB
2021-11-11,199.4,DE-BB
2021-11-10,189.9,DE-BB
2021-11-09,184.6,DE-BB
2021-11-08,178.3,DE-BB
2021-11-07,176.2,DE-BB
2021-11-06,164.7,DE-BB
2021-11-05,154.4,DE-BB
2021-11-04,144,DE-BB
2021-11-03,145.8,DE-BB
2021-11-02,140.6,DE-BB
2021-11-01,136.5,DE-BB
2021-10-31,126.4,DE-BB
2021-10-30,124.2,DE-BB
2021-10-29,118.1,DE-BB
2021-10-28,119,DE-BB
2021-10-27,118,DE-BB
2021-10-26,116,DE-BB
2021-10-25,111,DE-BB
2021-10-24,115,DE-BB
2021-10-23,112,DE-BB
2021-10-22,110,DE-BB
2021-10-21,95,DE-BB
2021-10-20,83,DE-BB
2021-10-19,73,DE-BB
2021-10-18,66,DE-BB
2021-10-17,60,DE-BB
2021-10-16,55,DE-BB
2021-10-15,52,DE-BB
2021-10-14,50,DE-BB
2021-10-13,47,DE-BB
2021-10-12,44,DE-BB
2021-10-11,37,DE-BB
2021-10-10,38,DE-BB
2021-10-09,39,DE-BB
2021-10-08,38,DE-BB
2021-10-07,39,DE-BB
2021-10-06,41,DE-BB
2021-10-05,36,DE-BB
2021-10-04,37,DE-BB
2021-10-03,35,DE-BB
2021-10-02,37,DE-BB
2021-10-01,34,DE-BB
2021-09-30,43,DE-BB
2021-09-29,41,DE-BB
2021-09-28,43,DE-BB
2021-09-27,43,DE-BB
2021-09-26,47,DE-BB
2021-09-25,46,DE-BB
2021-09-24,44,DE-BB
2021-09-23,37,DE-BB
2021-09-22,39,DE-BB
2021-09-21,37,DE-BB
2021-09-20,38,DE-BB
2021-09-19,36,DE-BB
2021-09-18,34,DE-BB
2021-09-17,35,DE-BB
2021-09-16,35,DE-BB
2021-09-15,37,DE-BB
2021-09-14,35,DE-BB
2021-09-13,38,DE-BB
2021-09-12,38,DE-BB
2021-09-11,40,DE-BB
2021-09-10,43,DE-BB
2021-09-09,40,DE-BB
2021-09-08,32,DE-BB
2021-09-07,32,DE-BB
2021-09-06,31,DE-BB
2021-09-05,30,DE-BB
2021-09-04,26,DE-BB
2021-09-03,24,DE-BB
2021-09-02,26,DE-BB
2021-09-01,30,DE-BB
2021-08-31,36,DE-BB
2021-08-30,32,DE-BB
2021-08-29,34,DE-BB
2021-08-28,35,DE-BB
2021-08-27,34,DE-BB
2021-08-26,32,DE-BB
2021-08-25,37,DE-BB
2021-08-24,33,DE-BB
2021-08-23,35,DE-BB
2021-08-22,33,DE-BB
2021-08-21,33,DE-BB
2021-08-20,32,DE-BB
2021-08-19,30,DE-BB
2021-08-18,22,DE-BB
2021-08-17,22,DE-BB
2021-08-16,19,DE-BB
2021-08-15,19,DE-BB
2021-08-14,17,DE-BB
2021-08-13,17,DE-BB
2021-08-12,15,DE-BB
2021-08-11,14,DE-BB
2021-08-10,12,DE-BB
2021-08-09,10,DE-BB
2021-08-08,9,DE-BB
2021-08-07,9,DE-BB
2021-08-06,8,DE-BB
2021-08-05,9,DE-BB
2021-08-04,9,DE-BB
2021-08-03,7,DE-BB
2021-08-02,8,DE-BB
2021-08-01,9,DE-BB
2021-07-31,11,DE-BB
2021-07-30,12,DE-BB
2021-07-29,12,DE-BB
2021-07-28,12,DE-BB
2021-07-27,11,DE-BB
2021-07-26,10,DE-BB
2021-07-25,9,DE-BB
2021-07-24,7,DE-BB
2021-07-23,7,DE-BB
2021-07-22,7,DE-BB
2021-07-21,6,DE-BB
2021-07-20,5,DE-BB
2021-07-19,7,DE-BB
2021-07-18,8,DE-BB
2021-07-17,8,DE-BB
2021-07-16,9,DE-BB
2021-07-15,9,DE-BB
2021-07-14,9,DE-BB
2021-07-13,11,DE-BB
2021-07-12,9,DE-BB
2021-07-11,8,DE-BB
2021-07-10,8,DE-BB
2021-07-09,5,DE-BB
2021-07-08,5,DE-BB
2021-07-07,5,DE-BB
2021-07-06,3,DE-BB
2021-07-05,3,DE-BB
2021-07-04,3,DE-BB
2021-07-03,3,DE-BB
2021-07-02,5,DE-BB
2021-07-01,5,DE-BB
2021-06-30,4,DE-BB
2021-06-29,6,DE-BB
2021-06-28,6,DE-BB
2021-06-27,6,DE-BB
2021-06-26,6,DE-BB
2021-06-25,9,DE-BB
2021-06-24,8,DE-BB
2021-06-23,9,DE-BB
2021-06-22,10,DE-BB
2021-06-21,11,DE-BB
2021-06-20,11,DE-BB
2021-06-19,11,DE-BB
2021-06-18,7,DE-BB
2021-06-17,8,DE-BB
2021-06-16,7,DE-BB
2021-06-15,5,DE-BB
2021-06-14,4,DE-BB
2021-06-13,5,DE-BB
2021-06-12,6,DE-BB
2021-06-11,7,DE-BB
2021-06-10,9,DE-BB
2021-06-09,11,DE-BB
2021-06-08,16,DE-BB
2021-06-07,16,DE-BB
2021-06-06,18,DE-BB
2021-06-05,19,DE-BB
2021-06-04,18,DE-BB
2021-06-03,19,DE-BB
2021-06-02,23,DE-BB
2021-06-01,23,DE-BB
2021-05-31,26,DE-BB
2021-05-30,27,DE-BB
2021-05-29,30,DE-BB
2021-05-28,34,DE-BB
2021-05-27,36,DE-BB
2021-05-26,39,DE-BB
2021-05-25,48,DE-BB
2021-05-24,58,DE-BB
2021-05-23,60,DE-BB
2021-05-22,65,DE-BB
2021-05-21,67,DE-BB
2021-05-20,70,DE-BB
2021-05-19,76,DE-BB
2021-05-18,86,DE-BB
2021-05-17,84,DE-BB
2021-05-16,83,DE-BB
2021-05-15,90,DE-BB
2021-05-14,95,DE-BB
2021-05-13,109,DE-BB
2021-05-12,118,DE-BB
2021-05-11,111,DE-BB
2021-05-10,117,DE-BB
2021-05-09,126,DE-BB
2021-05-08,121,DE-BB
2021-05-07,128,DE-BB
2021-05-06,136,DE-BB
2021-05-05,142,DE-BB
2021-05-04,144,DE-BB
2021-05-03,144,DE-BB
2021-05-02,143,DE-BB
2021-05-01,153,DE-BB
2021-04-30,161,DE-BB
2021-04-29,160,DE-BB
2021-04-28,170,DE-BB
2021-04-27,191,DE-BB
2021-04-26,193,DE-BB
2021-04-25,198,DE-BB
2021-04-24,202,DE-BB
2021-04-23,209,DE-BB
2021-04-22,214,DE-BB
2021-04-21,227,DE-BB
2021-04-20,222,DE-BB
2021-04-19,230,DE-BB
2021-04-18,229,DE-BB
2021-04-17,225,DE-BB
2021-04-16,243,DE-BB
2021-04-15,262,DE-BB
2021-04-14,252,DE-BB
2021-04-13,246,DE-BB
2021-04-12,237,DE-BB
2021-04-11,NA,DE-BB
2021-04-10,NA,DE-BB
2021-04-09,NA,DE-BB
2021-04-08,NA,DE-BB
2021-04-07,NA,DE-BB
2021-04-06,NA,DE-BB
2021-12-07,250.3,DE-BE
2021-12-06,265.4,DE-BE
2021-12-05,280,DE-BE
2021-12-04,280.8,DE-BE
2021-12-03,259,DE-BE
2021-12-02,249.2,DE-BE
2021-12-01,259.8,DE-BE
2021-11-30,261.6,DE-BE
2021-11-29,241.3,DE-BE
2021-11-28,233.8,DE-BE
2021-11-27,229.3,DE-BE
2021-11-26,231.4,DE-BE
2021-11-25,236.1,DE-BE
2021-11-24,235.5,DE-BE
2021-11-23,252.8,DE-BE
2021-11-22,245.9,DE-BE
2021-11-21,246.2,DE-BE
2021-11-20,245.7,DE-BE
2021-11-19,239.8,DE-BE
2021-11-18,239.8,DE-BE
2021-11-17,230.5,DE-BE
2021-11-16,213,DE-BE
2021-11-15,222.8,DE-BE
2021-11-14,215.2,DE-BE
2021-11-13,211.9,DE-BE
2021-11-12,218.9,DE-BE
2021-11-11,219.1,DE-BE
2021-11-10,215.3,DE-BE
2021-11-09,213.6,DE-BE
2021-11-08,219,DE-BE
2021-11-07,222,DE-BE
2021-11-06,226,DE-BE
2021-11-05,234.5,DE-BE
2021-11-04,229.1,DE-BE
2021-11-03,255.8,DE-BE
2021-11-02,250.6,DE-BE
2021-11-01,240.3,DE-BE
2021-10-31,235.3,DE-BE
2021-10-30,237.2,DE-BE
2021-10-29,217.1,DE-BE
2021-10-28,212,DE-BE
2021-10-27,189,DE-BE
2021-10-26,206,DE-BE
2021-10-25,207,DE-BE
2021-10-24,206,DE-BE
2021-10-23,203,DE-BE
2021-10-22,197,DE-BE
2021-10-21,193,DE-BE
2021-10-20,175,DE-BE
2021-10-19,153,DE-BE
2021-10-18,135,DE-BE
2021-10-17,135,DE-BE
2021-10-16,136,DE-BE
2021-10-15,135,DE-BE
2021-10-14,142,DE-BE
2021-10-13,144,DE-BE
2021-10-12,131,DE-BE
2021-10-11,124,DE-BE
2021-10-10,125,DE-BE
2021-10-09,121,DE-BE
2021-10-08,115,DE-BE
2021-10-07,102,DE-BE
2021-10-06,97,DE-BE
2021-10-05,98,DE-BE
2021-10-04,97,DE-BE
2021-10-03,99,DE-BE
2021-10-02,101,DE-BE
2021-10-01,105,DE-BE
2021-09-30,107,DE-BE
2021-09-29,106,DE-BE
2021-09-28,111,DE-BE
2021-09-27,110,DE-BE
2021-09-26,108,DE-BE
2021-09-25,107,DE-BE
2021-09-24,93,DE-BE
2021-09-23,91,DE-BE
2021-09-22,92,DE-BE
2021-09-21,94,DE-BE
2021-09-20,100,DE-BE
2021-09-19,100,DE-BE
2021-09-18,101,DE-BE
2021-09-17,108,DE-BE
2021-09-16,104,DE-BE
2021-09-15,106,DE-BE
2021-09-14,104,DE-BE
2021-09-13,94,DE-BE
2021-09-12,93,DE-BE
2021-09-11,92,DE-BE
2021-09-10,93,DE-BE
2021-09-09,103,DE-BE
2021-09-08,98,DE-BE
2021-09-07,97,DE-BE
2021-09-06,97,DE-BE
2021-09-05,101,DE-BE
2021-09-04,105,DE-BE
2021-09-03,101,DE-BE
2021-09-02,91,DE-BE
2021-09-01,90,DE-BE
2021-08-31,96,DE-BE
2021-08-30,102,DE-BE
2021-08-29,99,DE-BE
2021-08-28,96,DE-BE
2021-08-27,91,DE-BE
2021-08-26,89,DE-BE
2021-08-25,89,DE-BE
2021-08-24,76,DE-BE
2021-08-23,76,DE-BE
2021-08-22,80,DE-BE
2021-08-21,80,DE-BE
2021-08-20,82,DE-BE
2021-08-19,81,DE-BE
2021-08-18,83,DE-BE
2021-08-17,88,DE-BE
2021-08-16,87,DE-BE
2021-08-15,84,DE-BE
2021-08-14,83,DE-BE
2021-08-13,83,DE-BE
2021-08-12,85,DE-BE
2021-08-11,76,DE-BE
2021-08-10,65,DE-BE
2021-08-09,53,DE-BE
2021-08-08,51,DE-BE
2021-08-07,49,DE-BE
2021-08-06,50,DE-BE
2021-08-05,43,DE-BE
2021-08-04,39,DE-BE
2021-08-03,34,DE-BE
2021-08-02,32,DE-BE
2021-08-01,32,DE-BE
2021-07-31,33,DE-BE
2021-07-30,31,DE-BE
2021-07-29,31,DE-BE
2021-07-28,31,DE-BE
2021-07-27,33,DE-BE
2021-07-26,31,DE-BE
2021-07-25,31,DE-BE
2021-07-24,30,DE-BE
2021-07-23,24,DE-BE
2021-07-22,28,DE-BE
2021-07-21,27,DE-BE
2021-07-20,33,DE-BE
2021-07-19,25,DE-BE
2021-07-18,25,DE-BE
2021-07-17,25,DE-BE
2021-07-16,25,DE-BE
2021-07-15,17,DE-BE
2021-07-14,14,DE-BE
2021-07-13,5,DE-BE
2021-07-12,8,DE-BE
2021-07-11,9,DE-BE
2021-07-10,9,DE-BE
2021-07-09,10,DE-BE
2021-07-08,11,DE-BE
2021-07-07,12,DE-BE
2021-07-06,12,DE-BE
2021-07-05,10,DE-BE
2021-07-04,9,DE-BE
2021-07-03,9,DE-BE
2021-07-02,9,DE-BE
2021-07-01,11,DE-BE
2021-06-30,13,DE-BE
2021-06-29,12,DE-BE
2021-06-28,12,DE-BE
2021-06-27,13,DE-BE
2021-06-26,14,DE-BE
2021-06-25,13,DE-BE
2021-06-24,11,DE-BE
2021-06-23,12,DE-BE
2021-06-22,17,DE-BE
2021-06-21,17,DE-BE
2021-06-20,16,DE-BE
2021-06-19,16,DE-BE
2021-06-18,20,DE-BE
2021-06-17,21,DE-BE
2021-06-16,23,DE-BE
2021-06-15,21,DE-BE
2021-06-14,20,DE-BE
2021-06-13,21,DE-BE
2021-06-12,26,DE-BE
2021-06-11,29,DE-BE
2021-06-10,35,DE-BE
2021-06-09,35,DE-BE
2021-06-08,39,DE-BE
2021-06-07,51,DE-BE
2021-06-06,50,DE-BE
2021-06-05,46,DE-BE
2021-06-04,48,DE-BE
2021-06-03,49,DE-BE
2021-06-02,59,DE-BE
2021-06-01,57,DE-BE
2021-05-31,51,DE-BE
2021-05-30,51,DE-BE
2021-05-29,49,DE-BE
2021-05-28,52,DE-BE
2021-05-27,54,DE-BE
2021-05-26,61,DE-BE
2021-05-25,80,DE-BE
2021-05-24,105,DE-BE
2021-05-23,109,DE-BE
2021-05-22,121,DE-BE
2021-05-21,126,DE-BE
2021-05-20,123,DE-BE
2021-05-19,122,DE-BE
2021-05-18,129,DE-BE
2021-05-17,125,DE-BE
2021-05-16,121,DE-BE
2021-05-15,116,DE-BE
2021-05-14,122,DE-BE
2021-05-13,135,DE-BE
2021-05-12,143,DE-BE
2021-05-11,159,DE-BE
2021-05-10,172,DE-BE
2021-05-09,173,DE-BE
2021-05-08,179,DE-BE
2021-05-07,180,DE-BE
2021-05-06,193,DE-BE
2021-05-05,201,DE-BE
2021-05-04,196,DE-BE
2021-05-03,216,DE-BE
2021-05-02,219,DE-BE
2021-05-01,229,DE-BE
2021-04-30,255,DE-BE
2021-04-29,263,DE-BE
2021-04-28,267,DE-BE
2021-04-27,286,DE-BE
2021-04-26,315,DE-BE
2021-04-25,318,DE-BE
2021-04-24,316,DE-BE
2021-04-23,307,DE-BE
2021-04-22,321,DE-BE
2021-04-21,326,DE-BE
2021-04-20,317,DE-BE
2021-04-19,275,DE-BE
2021-04-18,277,DE-BE
2021-04-17,274,DE-BE
2021-04-16,282,DE-BE
2021-04-15,278,DE-BE
2021-04-14,301,DE-BE
2021-04-13,305,DE-BE
2021-04-12,291,DE-BE
2021-04-11,NA,DE-BE
2021-04-10,NA,DE-BE
2021-04-09,NA,DE-BE
2021-04-08,NA,DE-BE
2021-04-07,NA,DE-BE
2021-04-06,NA,DE-BE
2021-12-07,1524.1,DE-BW
2021-12-06,1508.6,DE-BW
2021-12-05,1481.3,DE-BW
2021-12-04,1457.9,DE-BW
2021-12-03,1467.5,DE-BW
2021-12-02,1516.7,DE-BW
2021-12-01,1456.4,DE-BW
2021-11-30,1476.9,DE-BW
2021-11-29,1486.3,DE-BW
2021-11-28,1469.2,DE-BW
2021-11-27,1459.9,DE-BW
2021-11-26,1480.3,DE-BW
2021-11-25,1444.7,DE-BW
2021-11-24,1458.8,DE-BW
2021-11-23,1421.3,DE-BW
2021-11-22,1389.8,DE-BW
2021-11-21,1412,DE-BW
2021-11-20,1400.7,DE-BW
2021-11-19,1357.8,DE-BW
2021-11-18,1324.6,DE-BW
2021-11-17,1289.7,DE-BW
2021-11-16,1253.6,DE-BW
2021-11-15,1216.9,DE-BW
2021-11-14,1175,DE-BW
2021-11-13,1139.7,DE-BW
2021-11-12,1126,DE-BW
2021-11-11,1108.8,DE-BW
2021-11-10,1111.2,DE-BW
2021-11-09,1060.9,DE-BW
2021-11-08,980.1,DE-BW
2021-11-07,958.7,DE-BW
2021-11-06,945.8,DE-BW
2021-11-05,897.4,DE-BW
2021-11-04,859,DE-BW
2021-11-03,822.4,DE-BW
2021-11-02,848.7,DE-BW
2021-11-01,900.5,DE-BW
2021-10-31,906.3,DE-BW
2021-10-30,931.4,DE-BW
2021-10-29,903.6,DE-BW
2021-10-28,884,DE-BW
2021-10-27,819,DE-BW
2021-10-26,795,DE-BW
2021-10-25,779,DE-BW
2021-10-24,765,DE-BW
2021-10-23,715,DE-BW
2021-10-22,698,DE-BW
2021-10-21,657,DE-BW
2021-10-20,617,DE-BW
2021-10-19,545,DE-BW
2021-10-18,493,DE-BW
2021-10-17,490,DE-BW
2021-10-16,464,DE-BW
2021-10-15,439,DE-BW
2021-10-14,410,DE-BW
2021-10-13,408,DE-BW
2021-10-12,400,DE-BW
2021-10-11,416,DE-BW
2021-10-10,412,DE-BW
2021-10-09,416,DE-BW
2021-10-08,409,DE-BW
2021-10-07,402,DE-BW
2021-10-06,411,DE-BW
2021-10-05,430,DE-BW
2021-10-04,436,DE-BW
2021-10-03,438,DE-BW
2021-10-02,431,DE-BW
2021-10-01,442,DE-BW
2021-09-30,476,DE-BW
2021-09-29,471,DE-BW
2021-09-28,459,DE-BW
2021-09-27,459,DE-BW
2021-09-26,456,DE-BW
2021-09-25,464,DE-BW
2021-09-24,455,DE-BW
2021-09-23,432,DE-BW
2021-09-22,441,DE-BW
2021-09-21,438,DE-BW
2021-09-20,440,DE-BW
2021-09-19,455,DE-BW
2021-09-18,464,DE-BW
2021-09-17,486,DE-BW
2021-09-16,514,DE-BW
2021-09-15,524,DE-BW
2021-09-14,538,DE-BW
2021-09-13,531,DE-BW
2021-09-12,535,DE-BW
2021-09-11,536,DE-BW
2021-09-10,521,DE-BW
2021-09-09,507,DE-BW
2021-09-08,497,DE-BW
2021-09-07,499,DE-BW
2021-09-06,508,DE-BW
2021-09-05,504,DE-BW
2021-09-04,507,DE-BW
2021-09-03,513,DE-BW
2021-09-02,516,DE-BW
2021-09-01,523,DE-BW
2021-08-31,518,DE-BW
2021-08-30,513,DE-BW
2021-08-29,497,DE-BW
2021-08-28,469,DE-BW
2021-08-27,455,DE-BW
2021-08-26,417,DE-BW
2021-08-25,369,DE-BW
2021-08-24,320,DE-BW
2021-08-23,279,DE-BW
2021-08-22,265,DE-BW
2021-08-21,261,DE-BW
2021-08-20,232,DE-BW
2021-08-19,218,DE-BW
2021-08-18,207,DE-BW
2021-08-17,196,DE-BW
2021-08-16,189,DE-BW
2021-08-15,184,DE-BW
2021-08-14,159,DE-BW
2021-08-13,141,DE-BW
2021-08-12,128,DE-BW
2021-08-11,102,DE-BW
2021-08-10,86,DE-BW
2021-08-09,76,DE-BW
2021-08-08,82,DE-BW
2021-08-07,80,DE-BW
2021-08-06,85,DE-BW
2021-08-05,82,DE-BW
2021-08-04,85,DE-BW
2021-08-03,87,DE-BW
2021-08-02,85,DE-BW
2021-08-01,85,DE-BW
2021-07-31,89,DE-BW
2021-07-30,82,DE-BW
2021-07-29,77,DE-BW
2021-07-28,72,DE-BW
2021-07-27,68,DE-BW
2021-07-26,71,DE-BW
2021-07-25,66,DE-BW
2021-07-24,60,DE-BW
2021-07-23,57,DE-BW
2021-07-22,55,DE-BW
2021-07-21,52,DE-BW
2021-07-20,42,DE-BW
2021-07-19,41,DE-BW
2021-07-18,40,DE-BW
2021-07-17,45,DE-BW
2021-07-16,42,DE-BW
2021-07-15,45,DE-BW
2021-07-14,47,DE-BW
2021-07-13,56,DE-BW
2021-07-12,57,DE-BW
2021-07-11,56,DE-BW
2021-07-10,50,DE-BW
2021-07-09,53,DE-BW
2021-07-08,53,DE-BW
2021-07-07,51,DE-BW
2021-07-06,45,DE-BW
2021-07-05,44,DE-BW
2021-07-04,47,DE-BW
2021-07-03,46,DE-BW
2021-07-02,44,DE-BW
2021-07-01,43,DE-BW
2021-06-30,43,DE-BW
2021-06-29,44,DE-BW
2021-06-28,45,DE-BW
2021-06-27,43,DE-BW
2021-06-26,49,DE-BW
2021-06-25,51,DE-BW
2021-06-24,55,DE-BW
2021-06-23,61,DE-BW
2021-06-22,67,DE-BW
2021-06-21,72,DE-BW
2021-06-20,78,DE-BW
2021-06-19,80,DE-BW
2021-06-18,93,DE-BW
2021-06-17,95,DE-BW
2021-06-16,112,DE-BW
2021-06-15,129,DE-BW
2021-06-14,141,DE-BW
2021-06-13,147,DE-BW
2021-06-12,158,DE-BW
2021-06-11,155,DE-BW
2021-06-10,164,DE-BW
2021-06-09,161,DE-BW
2021-06-08,173,DE-BW
2021-06-07,178,DE-BW
2021-06-06,180,DE-BW
2021-06-05,191,DE-BW
2021-06-04,216,DE-BW
2021-06-03,239,DE-BW
2021-06-02,264,DE-BW
2021-06-01,248,DE-BW
2021-05-31,246,DE-BW
2021-05-30,247,DE-BW
2021-05-29,253,DE-BW
2021-05-28,262,DE-BW
2021-05-27,276,DE-BW
2021-05-26,306,DE-BW
2021-05-25,376,DE-BW
2021-05-24,421,DE-BW
2021-05-23,440,DE-BW
2021-05-22,463,DE-BW
2021-05-21,491,DE-BW
2021-05-20,500,DE-BW
2021-05-19,540,DE-BW
2021-05-18,584,DE-BW
2021-05-17,603,DE-BW
2021-05-16,610,DE-BW
2021-05-15,640,DE-BW
2021-05-14,689,DE-BW
2021-05-13,761,DE-BW
2021-05-12,768,DE-BW
2021-05-11,791,DE-BW
2021-05-10,786,DE-BW
2021-05-09,800,DE-BW
2021-05-08,815,DE-BW
2021-05-07,857,DE-BW
2021-05-06,875,DE-BW
2021-05-05,926,DE-BW
2021-05-04,954,DE-BW
2021-05-03,1023,DE-BW
2021-05-02,1036,DE-BW
2021-05-01,1055,DE-BW
2021-04-30,1039,DE-BW
2021-04-29,1087,DE-BW
2021-04-28,1107,DE-BW
2021-04-27,1159,DE-BW
2021-04-26,1127,DE-BW
2021-04-25,1121,DE-BW
2021-04-24,1127,DE-BW
2021-04-23,1123,DE-BW
2021-04-22,1095,DE-BW
2021-04-21,1080,DE-BW
2021-04-20,1033,DE-BW
2021-04-19,1041,DE-BW
2021-04-18,1048,DE-BW
2021-04-17,1056,DE-BW
2021-04-16,1075,DE-BW
2021-04-15,1070,DE-BW
2021-04-14,1076,DE-BW
2021-04-13,1016,DE-BW
2021-04-12,945,DE-BW
2021-04-11,NA,DE-BW
2021-04-10,NA,DE-BW
2021-04-09,NA,DE-BW
2021-04-08,NA,DE-BW
2021-04-07,NA,DE-BW
2021-04-06,NA,DE-BW
2021-12-07,2016.4,DE-BY
2021-12-06,2075.1,DE-BY
2021-12-05,2052,DE-BY
2021-12-04,2090.7,DE-BY
2021-12-03,2072.4,DE-BY
2021-12-02,2125.4,DE-BY
2021-12-01,2240.2,DE-BY
2021-11-30,2369,DE-BY
2021-11-29,2433.3,DE-BY
2021-11-28,2490.5,DE-BY
2021-11-27,2451.6,DE-BY
2021-11-26,2533.2,DE-BY
2021-11-25,2583.9,DE-BY
2021-11-24,2625.5,DE-BY
2021-11-23,2658.2,DE-BY
2021-11-22,2626.5,DE-BY
2021-11-21,2642.7,DE-BY
2021-11-20,2674.6,DE-BY
2021-11-19,2647.1,DE-BY
2021-11-18,2559.7,DE-BY
2021-11-17,2443.9,DE-BY
2021-11-16,2311.2,DE-BY
2021-11-15,2266.4,DE-BY
2021-11-14,2146.9,DE-BY
2021-11-13,2084.3,DE-BY
2021-11-12,2029.1,DE-BY
2021-11-11,1962.7,DE-BY
2021-11-10,1930.9,DE-BY
2021-11-09,1795.6,DE-BY
2021-11-08,1633,DE-BY
2021-11-07,1639.8,DE-BY
2021-11-06,1614.3,DE-BY
2021-11-05,1489.7,DE-BY
2021-11-04,1401,DE-BY
2021-11-03,1264.9,DE-BY
2021-11-02,1240,DE-BY
2021-11-01,1261.4,DE-BY
2021-10-31,1204.8,DE-BY
2021-10-30,1137.8,DE-BY
2021-10-29,1090,DE-BY
2021-10-28,1025,DE-BY
2021-10-27,992,DE-BY
2021-10-26,962,DE-BY
2021-10-25,952,DE-BY
2021-10-24,921,DE-BY
2021-10-23,888,DE-BY
2021-10-22,832,DE-BY
2021-10-21,798,DE-BY
2021-10-20,741,DE-BY
2021-10-19,653,DE-BY
2021-10-18,606,DE-BY
2021-10-17,597,DE-BY
2021-10-16,584,DE-BY
2021-10-15,573,DE-BY
2021-10-14,542,DE-BY
2021-10-13,520,DE-BY
2021-10-12,515,DE-BY
2021-10-11,504,DE-BY
2021-10-10,495,DE-BY
2021-10-09,487,DE-BY
2021-10-08,491,DE-BY
2021-10-07,479,DE-BY
2021-10-06,474,DE-BY
2021-10-05,519,DE-BY
2021-10-04,545,DE-BY
2021-10-03,547,DE-BY
2021-10-02,542,DE-BY
2021-10-01,527,DE-BY
2021-09-30,537,DE-BY
2021-09-29,547,DE-BY
2021-09-28,490,DE-BY
2021-09-27,472,DE-BY
2021-09-26,475,DE-BY
2021-09-25,497,DE-BY
2021-09-24,483,DE-BY
2021-09-23,492,DE-BY
2021-09-22,504,DE-BY
2021-09-21,531,DE-BY
2021-09-20,543,DE-BY
2021-09-19,558,DE-BY
2021-09-18,576,DE-BY
2021-09-17,612,DE-BY
2021-09-16,613,DE-BY
2021-09-15,622,DE-BY
2021-09-14,644,DE-BY
2021-09-13,653,DE-BY
2021-09-12,640,DE-BY
2021-09-11,626,DE-BY
2021-09-10,631,DE-BY
2021-09-09,634,DE-BY
2021-09-08,621,DE-BY
2021-09-07,599,DE-BY
2021-09-06,587,DE-BY
2021-09-05,584,DE-BY
2021-09-04,584,DE-BY
2021-09-03,544,DE-BY
2021-09-02,526,DE-BY
2021-09-01,509,DE-BY
2021-08-31,504,DE-BY
2021-08-30,504,DE-BY
2021-08-29,516,DE-BY
2021-08-28,484,DE-BY
2021-08-27,474,DE-BY
2021-08-26,446,DE-BY
2021-08-25,409,DE-BY
2021-08-24,367,DE-BY
2021-08-23,334,DE-BY
2021-08-22,300,DE-BY
2021-08-21,278,DE-BY
2021-08-20,253,DE-BY
2021-08-19,242,DE-BY
2021-08-18,232,DE-BY
2021-08-17,207,DE-BY
2021-08-16,185,DE-BY
2021-08-15,178,DE-BY
2021-08-14,171,DE-BY
2021-08-13,167,DE-BY
2021-08-12,155,DE-BY
2021-08-11,133,DE-BY
2021-08-10,120,DE-BY
2021-08-09,116,DE-BY
2021-08-08,106,DE-BY
2021-08-07,111,DE-BY
2021-08-06,103,DE-BY
2021-08-05,104,DE-BY
2021-08-04,106,DE-BY
2021-08-03,114,DE-BY
2021-08-02,109,DE-BY
2021-08-01,106,DE-BY
2021-07-31,99,DE-BY
2021-07-30,96,DE-BY
2021-07-29,85,DE-BY
2021-07-28,84,DE-BY
2021-07-27,71,DE-BY
2021-07-26,71,DE-BY
2021-07-25,76,DE-BY
2021-07-24,76,DE-BY
2021-07-23,77,DE-BY
2021-07-22,75,DE-BY
2021-07-21,68,DE-BY
2021-07-20,65,DE-BY
2021-07-19,61,DE-BY
2021-07-18,57,DE-BY
2021-07-17,57,DE-BY
2021-07-16,56,DE-BY
2021-07-15,59,DE-BY
2021-07-14,62,DE-BY
2021-07-13,64,DE-BY
2021-07-12,66,DE-BY
2021-07-11,66,DE-BY
2021-07-10,62,DE-BY
2021-07-09,59,DE-BY
2021-07-08,58,DE-BY
2021-07-07,54,DE-BY
2021-07-06,54,DE-BY
2021-07-05,60,DE-BY
2021-07-04,62,DE-BY
2021-07-03,65,DE-BY
2021-07-02,69,DE-BY
2021-07-01,71,DE-BY
2021-06-30,75,DE-BY
2021-06-29,78,DE-BY
2021-06-28,74,DE-BY
2021-06-27,72,DE-BY
2021-06-26,70,DE-BY
2021-06-25,72,DE-BY
2021-06-24,71,DE-BY
2021-06-23,76,DE-BY
2021-06-22,82,DE-BY
2021-06-21,87,DE-BY
2021-06-20,95,DE-BY
2021-06-19,100,DE-BY
2021-06-18,103,DE-BY
2021-06-17,114,DE-BY
2021-06-16,113,DE-BY
2021-06-15,122,DE-BY
2021-06-14,127,DE-BY
2021-06-13,133,DE-BY
2021-06-12,142,DE-BY
2021-06-11,145,DE-BY
2021-06-10,147,DE-BY
2021-06-09,164,DE-BY
2021-06-08,169,DE-BY
2021-06-07,174,DE-BY
2021-06-06,179,DE-BY
2021-06-05,183,DE-BY
2021-06-04,204,DE-BY
2021-06-03,220,DE-BY
2021-06-02,255,DE-BY
2021-06-01,258,DE-BY
2021-05-31,254,DE-BY
2021-05-30,257,DE-BY
2021-05-29,259,DE-BY
2021-05-28,278,DE-BY
2021-05-27,307,DE-BY
2021-05-26,296,DE-BY
2021-05-25,322,DE-BY
2021-05-24,362,DE-BY
2021-05-23,386,DE-BY
2021-05-22,439,DE-BY
2021-05-21,441,DE-BY
2021-05-20,443,DE-BY
2021-05-19,499,DE-BY
2021-05-18,540,DE-BY
2021-05-17,562,DE-BY
2021-05-16,577,DE-BY
2021-05-15,583,DE-BY
2021-05-14,637,DE-BY
2021-05-13,681,DE-BY
2021-05-12,723,DE-BY
2021-05-11,758,DE-BY
2021-05-10,763,DE-BY
2021-05-09,779,DE-BY
2021-05-08,794,DE-BY
2021-05-07,806,DE-BY
2021-05-06,847,DE-BY
2021-05-05,875,DE-BY
2021-05-04,910,DE-BY
2021-05-03,934,DE-BY
2021-05-02,935,DE-BY
2021-05-01,954,DE-BY
2021-04-30,973,DE-BY
2021-04-29,995,DE-BY
2021-04-28,1017,DE-BY
2021-04-27,1050,DE-BY
2021-04-26,1093,DE-BY
2021-04-25,1114,DE-BY
2021-04-24,1114,DE-BY
2021-04-23,1109,DE-BY
2021-04-22,1100,DE-BY
2021-04-21,1069,DE-BY
2021-04-20,1060,DE-BY
2021-04-19,1059,DE-BY
2021-04-18,1067,DE-BY
2021-04-17,1072,DE-BY
2021-04-16,1098,DE-BY
2021-04-15,1121,DE-BY
2021-04-14,1157,DE-BY
2021-04-13,1130,DE-BY
2021-04-12,1053,DE-BY
2021-04-11,NA,DE-BY
2021-04-10,NA,DE-BY
2021-04-09,NA,DE-BY
2021-04-08,NA,DE-BY
2021-04-07,NA,DE-BY
2021-04-06,NA,DE-BY
2021-12-07,38.5,DE-HB
2021-12-06,35.1,DE-HB
2021-12-05,41.1,DE-HB
2021-12-04,39.5,DE-HB
2021-12-03,43.7,DE-HB
2021-12-02,52.7,DE-HB
2021-12-01,57.1,DE-HB
2021-11-30,61.7,DE-HB
2021-11-29,65.5,DE-HB
2021-11-28,62.7,DE-HB
2021-11-27,67.4,DE-HB
2021-11-26,64.8,DE-HB
2021-11-25,61.1,DE-HB
2021-11-24,56.7,DE-HB
2021-11-23,50.4,DE-HB
2021-11-22,47.2,DE-HB
2021-11-21,48,DE-HB
2021-11-20,43.6,DE-HB
2021-11-19,41.5,DE-HB
2021-11-18,37.3,DE-HB
2021-11-17,37.2,DE-HB
2021-11-16,34.2,DE-HB
2021-11-15,30.1,DE-HB
2021-11-14,27.1,DE-HB
2021-11-13,23,DE-HB
2021-11-12,20,DE-HB
2021-11-11,20,DE-HB
2021-11-10,18,DE-HB
2021-11-09,22,DE-HB
2021-11-08,21,DE-HB
2021-11-07,23,DE-HB
2021-11-06,26,DE-HB
2021-11-05,29,DE-HB
2021-11-04,27,DE-HB
2021-11-03,29,DE-HB
2021-11-02,30,DE-HB
2021-11-01,31,DE-HB
2021-10-31,30,DE-HB
2021-10-30,30,DE-HB
2021-10-29,31,DE-HB
2021-10-28,31,DE-HB
2021-10-27,32,DE-HB
2021-10-26,33,DE-HB
2021-10-25,35,DE-HB
2021-10-24,39,DE-HB
2021-10-23,37,DE-HB
2021-10-22,35,DE-HB
2021-10-21,35,DE-HB
2021-10-20,34,DE-HB
2021-10-19,34,DE-HB
2021-10-18,32,DE-HB
2021-10-17,27,DE-HB
2021-10-16,29,DE-HB
2021-10-15,29,DE-HB
2021-10-14,32,DE-HB
2021-10-13,39,DE-HB
2021-10-12,35,DE-HB
2021-10-11,37,DE-HB
2021-10-10,38,DE-HB
2021-10-09,40,DE-HB
2021-10-08,39,DE-HB
2021-10-07,41,DE-HB
2021-10-06,37,DE-HB
2021-10-05,46,DE-HB
2021-10-04,47,DE-HB
2021-10-03,46,DE-HB
2021-10-02,47,DE-HB
2021-10-01,44,DE-HB
2021-09-30,40,DE-HB
2021-09-29,35,DE-HB
2021-09-28,32,DE-HB
2021-09-27,31,DE-HB
2021-09-26,32,DE-HB
2021-09-25,30,DE-HB
2021-09-24,33,DE-HB
2021-09-23,34,DE-HB
2021-09-22,38,DE-HB
2021-09-21,36,DE-HB
2021-09-20,34,DE-HB
2021-09-19,37,DE-HB
2021-09-18,36,DE-HB
2021-09-17,40,DE-HB
2021-09-16,40,DE-HB
2021-09-15,35,DE-HB
2021-09-14,40,DE-HB
2021-09-13,38,DE-HB
2021-09-12,37,DE-HB
2021-09-11,42,DE-HB
2021-09-10,38,DE-HB
2021-09-09,38,DE-HB
2021-09-08,38,DE-HB
2021-09-07,32,DE-HB
2021-09-06,41,DE-HB
2021-09-05,42,DE-HB
2021-09-04,39,DE-HB
2021-09-03,50,DE-HB
2021-09-02,48,DE-HB
2021-09-01,54,DE-HB
2021-08-31,52,DE-HB
2021-08-30,49,DE-HB
2021-08-29,53,DE-HB
2021-08-28,50,DE-HB
2021-08-27,36,DE-HB
2021-08-26,37,DE-HB
2021-08-25,31,DE-HB
2021-08-24,33,DE-HB
2021-08-23,31,DE-HB
2021-08-22,23,DE-HB
2021-08-21,24,DE-HB
2021-08-20,22,DE-HB
2021-08-19,21,DE-HB
2021-08-18,22,DE-HB
2021-08-17,16,DE-HB
2021-08-16,13,DE-HB
2021-08-15,13,DE-HB
2021-08-14,12,DE-HB
2021-08-13,13,DE-HB
2021-08-12,13,DE-HB
2021-08-11,11,DE-HB
2021-08-10,13,DE-HB
2021-08-09,13,DE-HB
2021-08-08,13,DE-HB
2021-08-07,11,DE-HB
2021-08-06,11,DE-HB
2021-08-05,9,DE-HB
2021-08-04,8,DE-HB
2021-08-03,7,DE-HB
2021-08-02,7,DE-HB
2021-08-01,6,DE-HB
2021-07-31,5,DE-HB
2021-07-30,5,DE-HB
2021-07-29,6,DE-HB
2021-07-28,6,DE-HB
2021-07-27,5,DE-HB
2021-07-26,4,DE-HB
2021-07-25,4,DE-HB
2021-07-24,4,DE-HB
2021-07-23,3,DE-HB
2021-07-22,1,DE-HB
2021-07-21,2,DE-HB
2021-07-20,4,DE-HB
2021-07-19,5,DE-HB
2021-07-18,5,DE-HB
2021-07-17,5,DE-HB
2021-07-16,7,DE-HB
2021-07-15,7,DE-HB
2021-07-14,7,DE-HB
2021-07-13,6,DE-HB
2021-07-12,7,DE-HB
2021-07-11,7,DE-HB
2021-07-10,7,DE-HB
2021-07-09,5,DE-HB
2021-07-08,5,DE-HB
2021-07-07,4,DE-HB
2021-07-06,4,DE-HB
2021-07-05,2,DE-HB
2021-07-04,2,DE-HB
2021-07-03,3,DE-HB
2021-07-02,3,DE-HB
2021-07-01,4,DE-HB
2021-06-30,5,DE-HB
2021-06-29,5,DE-HB
2021-06-28,5,DE-HB
2021-06-27,6,DE-HB
2021-06-26,6,DE-HB
2021-06-25,7,DE-HB
2021-06-24,6,DE-HB
2021-06-23,8,DE-HB
2021-06-22,9,DE-HB
2021-06-21,9,DE-HB
2021-06-20,9,DE-HB
2021-06-19,8,DE-HB
2021-06-18,11,DE-HB
2021-06-17,13,DE-HB
2021-06-16,10,DE-HB
2021-06-15,10,DE-HB
2021-06-14,10,DE-HB
2021-06-13,9,DE-HB
2021-06-12,9,DE-HB
2021-06-11,5,DE-HB
2021-06-10,5,DE-HB
2021-06-09,6,DE-HB
2021-06-08,5,DE-HB
2021-06-07,6,DE-HB
2021-06-06,8,DE-HB
2021-06-05,12,DE-HB
2021-06-04,13,DE-HB
2021-06-03,13,DE-HB
2021-06-02,14,DE-HB
2021-06-01,13,DE-HB
2021-05-31,12,DE-HB
2021-05-30,11,DE-HB
2021-05-29,9,DE-HB
2021-05-28,10,DE-HB
2021-05-27,13,DE-HB
2021-05-26,19,DE-HB
2021-05-25,27,DE-HB
2021-05-24,29,DE-HB
2021-05-23,34,DE-HB
2021-05-22,41,DE-HB
2021-05-21,39,DE-HB
2021-05-20,42,DE-HB
2021-05-19,40,DE-HB
2021-05-18,37,DE-HB
2021-05-17,39,DE-HB
2021-05-16,36,DE-HB
2021-05-15,32,DE-HB
2021-05-14,39,DE-HB
2021-05-13,39,DE-HB
2021-05-12,41,DE-HB
2021-05-11,41,DE-HB
2021-05-10,42,DE-HB
2021-05-09,47,DE-HB
2021-05-08,60,DE-HB
2021-05-07,62,DE-HB
2021-05-06,70,DE-HB
2021-05-05,75,DE-HB
2021-05-04,94,DE-HB
2021-05-03,100,DE-HB
2021-05-02,96,DE-HB
2021-05-01,87,DE-HB
2021-04-30,106,DE-HB
2021-04-29,105,DE-HB
2021-04-28,109,DE-HB
2021-04-27,110,DE-HB
2021-04-26,104,DE-HB
2021-04-25,119,DE-HB
2021-04-24,122,DE-HB
2021-04-23,110,DE-HB
2021-04-22,118,DE-HB
2021-04-21,119,DE-HB
2021-04-20,102,DE-HB
2021-04-19,117,DE-HB
2021-04-18,107,DE-HB
2021-04-17,105,DE-HB
2021-04-16,102,DE-HB
2021-04-15,99,DE-HB
2021-04-14,100,DE-HB
2021-04-13,100,DE-HB
2021-04-12,88,DE-HB
2021-04-11,NA,DE-HB
2021-04-10,NA,DE-HB
2021-04-09,NA,DE-HB
2021-04-08,NA,DE-HB
2021-04-07,NA,DE-HB
2021-04-06,NA,DE-HB
2021-12-07,583.5,DE-HE
2021-12-06,577.5,DE-HE
2021-12-05,580.9,DE-HE
2021-12-04,491.7,DE-HE
2021-12-03,461.2,DE-HE
2021-12-02,478.3,DE-HE
2021-12-01,497.5,DE-HE
2021-11-30,494.1,DE-HE
2021-11-29,510.6,DE-HE
2021-11-28,496.4,DE-HE
2021-11-27,520.3,DE-HE
2021-11-26,518.5,DE-HE
2021-11-25,535.2,DE-HE
2021-11-24,524.7,DE-HE
2021-11-23,538.3,DE-HE
2021-11-22,535.8,DE-HE
2021-11-21,540.2,DE-HE
2021-11-20,509.8,DE-HE
2021-11-19,510.2,DE-HE
2021-11-18,500.7,DE-HE
2021-11-17,486.2,DE-HE
2021-11-16,465.5,DE-HE
2021-11-15,453.4,DE-HE
2021-11-14,437.5,DE-HE
2021-11-13,429.2,DE-HE
2021-11-12,434.9,DE-HE
2021-11-11,423.7,DE-HE
2021-11-10,448.1,DE-HE
2021-11-09,435.4,DE-HE
2021-11-08,439.1,DE-HE
2021-11-07,445,DE-HE
2021-11-06,459.7,DE-HE
2021-11-05,438.1,DE-HE
2021-11-04,428.8,DE-HE
2021-11-03,386.5,DE-HE
2021-11-02,376.3,DE-HE
2021-11-01,396.2,DE-HE
2021-10-31,384.2,DE-HE
2021-10-30,370.1,DE-HE
2021-10-29,364,DE-HE
2021-10-28,354,DE-HE
2021-10-27,340,DE-HE
2021-10-26,345,DE-HE
2021-10-25,292,DE-HE
2021-10-24,284,DE-HE
2021-10-23,270,DE-HE
2021-10-22,248,DE-HE
2021-10-21,238,DE-HE
2021-10-20,235,DE-HE
2021-10-19,210,DE-HE
2021-10-18,220,DE-HE
2021-10-17,223,DE-HE
2021-10-16,228,DE-HE
2021-10-15,227,DE-HE
2021-10-14,219,DE-HE
2021-10-13,204,DE-HE
2021-10-12,196,DE-HE
2021-10-11,189,DE-HE
2021-10-10,187,DE-HE
2021-10-09,178,DE-HE
2021-10-08,171,DE-HE
2021-10-07,174,DE-HE
2021-10-06,192,DE-HE
2021-10-05,202,DE-HE
2021-10-04,210,DE-HE
2021-10-03,211,DE-HE
2021-10-02,207,DE-HE
2021-10-01,207,DE-HE
2021-09-30,208,DE-HE
2021-09-29,205,DE-HE
2021-09-28,206,DE-HE
2021-09-27,197,DE-HE
2021-09-26,197,DE-HE
2021-09-25,200,DE-HE
2021-09-24,211,DE-HE
2021-09-23,227,DE-HE
2021-09-22,245,DE-HE
2021-09-21,251,DE-HE
2021-09-20,267,DE-HE
2021-09-19,278,DE-HE
2021-09-18,285,DE-HE
2021-09-17,296,DE-HE
2021-09-16,294,DE-HE
2021-09-15,292,DE-HE
2021-09-14,298,DE-HE
2021-09-13,301,DE-HE
2021-09-12,310,DE-HE
2021-09-11,319,DE-HE
2021-09-10,333,DE-HE
2021-09-09,328,DE-HE
2021-09-08,323,DE-HE
2021-09-07,318,DE-HE
2021-09-06,311,DE-HE
2021-09-05,300,DE-HE
2021-09-04,296,DE-HE
2021-09-03,281,DE-HE
2021-09-02,281,DE-HE
2021-09-01,276,DE-HE
2021-08-31,275,DE-HE
2021-08-30,272,DE-HE
2021-08-29,261,DE-HE
2021-08-28,261,DE-HE
2021-08-27,244,DE-HE
2021-08-26,245,DE-HE
2021-08-25,230,DE-HE
2021-08-24,230,DE-HE
2021-08-23,217,DE-HE
2021-08-22,220,DE-HE
2021-08-21,206,DE-HE
2021-08-20,199,DE-HE
2021-08-19,182,DE-HE
2021-08-18,181,DE-HE
2021-08-17,159,DE-HE
2021-08-16,141,DE-HE
2021-08-15,136,DE-HE
2021-08-14,135,DE-HE
2021-08-13,128,DE-HE
2021-08-12,120,DE-HE
2021-08-11,112,DE-HE
2021-08-10,106,DE-HE
2021-08-09,111,DE-HE
2021-08-08,112,DE-HE
2021-08-07,106,DE-HE
2021-08-06,106,DE-HE
2021-08-05,91,DE-HE
2021-08-04,96,DE-HE
2021-08-03,95,DE-HE
2021-08-02,83,DE-HE
2021-08-01,79,DE-HE
2021-07-31,85,DE-HE
2021-07-30,80,DE-HE
2021-07-29,83,DE-HE
2021-07-28,70,DE-HE
2021-07-27,63,DE-HE
2021-07-26,60,DE-HE
2021-07-25,61,DE-HE
2021-07-24,50,DE-HE
2021-07-23,47,DE-HE
2021-07-22,39,DE-HE
2021-07-21,34,DE-HE
2021-07-20,29,DE-HE
2021-07-19,31,DE-HE
2021-07-18,28,DE-HE
2021-07-17,28,DE-HE
2021-07-16,30,DE-HE
2021-07-15,31,DE-HE
2021-07-14,29,DE-HE
2021-07-13,27,DE-HE
2021-07-12,28,DE-HE
2021-07-11,30,DE-HE
2021-07-10,31,DE-HE
2021-07-09,30,DE-HE
2021-07-08,32,DE-HE
2021-07-07,32,DE-HE
2021-07-06,35,DE-HE
2021-07-05,32,DE-HE
2021-07-04,30,DE-HE
2021-07-03,29,DE-HE
2021-07-02,27,DE-HE
2021-07-01,26,DE-HE
2021-06-30,29,DE-HE
2021-06-29,32,DE-HE
2021-06-28,36,DE-HE
2021-06-27,40,DE-HE
2021-06-26,41,DE-HE
2021-06-25,46,DE-HE
2021-06-24,49,DE-HE
2021-06-23,50,DE-HE
2021-06-22,46,DE-HE
2021-06-21,53,DE-HE
2021-06-20,54,DE-HE
2021-06-19,58,DE-HE
2021-06-18,55,DE-HE
2021-06-17,62,DE-HE
2021-06-16,63,DE-HE
2021-06-15,68,DE-HE
2021-06-14,66,DE-HE
2021-06-13,64,DE-HE
2021-06-12,73,DE-HE
2021-06-11,82,DE-HE
2021-06-10,78,DE-HE
2021-06-09,87,DE-HE
2021-06-08,95,DE-HE
2021-06-07,99,DE-HE
2021-06-06,109,DE-HE
2021-06-05,113,DE-HE
2021-06-04,132,DE-HE
2021-06-03,142,DE-HE
2021-06-02,166,DE-HE
2021-06-01,177,DE-HE
2021-05-31,177,DE-HE
2021-05-30,176,DE-HE
2021-05-29,190,DE-HE
2021-05-28,198,DE-HE
2021-05-27,221,DE-HE
2021-05-26,228,DE-HE
2021-05-25,248,DE-HE
2021-05-24,272,DE-HE
2021-05-23,280,DE-HE
2021-05-22,280,DE-HE
2021-05-21,270,DE-HE
2021-05-20,267,DE-HE
2021-05-19,291,DE-HE
2021-05-18,338,DE-HE
2021-05-17,358,DE-HE
2021-05-16,362,DE-HE
2021-05-15,381,DE-HE
2021-05-14,405,DE-HE
2021-05-13,458,DE-HE
2021-05-12,457,DE-HE
2021-05-11,459,DE-HE
2021-05-10,478,DE-HE
2021-05-09,497,DE-HE
2021-05-08,524,DE-HE
2021-05-07,560,DE-HE
2021-05-06,551,DE-HE
2021-05-05,599,DE-HE
2021-05-04,611,DE-HE
2021-05-03,638,DE-HE
2021-05-02,647,DE-HE
2021-05-01,647,DE-HE
2021-04-30,659,DE-HE
2021-04-29,705,DE-HE
2021-04-28,725,DE-HE
2021-04-27,729,DE-HE
2021-04-26,733,DE-HE
2021-04-25,733,DE-HE
2021-04-24,726,DE-HE
2021-04-23,726,DE-HE
2021-04-22,715,DE-HE
2021-04-21,695,DE-HE
2021-04-20,693,DE-HE
2021-04-19,668,DE-HE
2021-04-18,645,DE-HE
2021-04-17,647,DE-HE
2021-04-16,664,DE-HE
2021-04-15,713,DE-HE
2021-04-14,711,DE-HE
2021-04-13,716,DE-HE
2021-04-12,705,DE-HE
2021-04-11,NA,DE-HE
2021-04-10,NA,DE-HE
2021-04-09,NA,DE-HE
2021-04-08,NA,DE-HE
2021-04-07,NA,DE-HE
2021-04-06,NA,DE-HE
2021-12-07,138.2,DE-HH
2021-12-06,147.9,DE-HH
2021-12-05,155,DE-HH
2021-12-04,164.4,DE-HH
2021-12-03,168.1,DE-HH
2021-12-02,123.3,DE-HH
2021-12-01,90.8,DE-HH
2021-11-30,94.8,DE-HH
2021-11-29,95.9,DE-HH
2021-11-28,115.1,DE-HH
2021-11-27,117.7,DE-HH
2021-11-26,113.3,DE-HH
2021-11-25,124.8,DE-HH
2021-11-24,125.8,DE-HH
2021-11-23,122.1,DE-HH
2021-11-22,130.4,DE-HH
2021-11-21,112.4,DE-HH
2021-11-20,108.9,DE-HH
2021-11-19,100.1,DE-HH
2021-11-18,99.6,DE-HH
2021-11-17,94.9,DE-HH
2021-11-16,106.5,DE-HH
2021-11-15,97.6,DE-HH
2021-11-14,100.4,DE-HH
2021-11-13,100,DE-HH
2021-11-12,97.6,DE-HH
2021-11-11,96.2,DE-HH
2021-11-10,91.9,DE-HH
2021-11-09,78.7,DE-HH
2021-11-08,76.6,DE-HH
2021-11-07,71.5,DE-HH
2021-11-06,73.5,DE-HH
2021-11-05,76.4,DE-HH
2021-11-04,73.3,DE-HH
2021-11-03,70.3,DE-HH
2021-11-02,71.2,DE-HH
2021-11-01,68.1,DE-HH
2021-10-31,68.1,DE-HH
2021-10-30,68.1,DE-HH
2021-10-29,63.1,DE-HH
2021-10-28,65,DE-HH
2021-10-27,65,DE-HH
2021-10-26,65,DE-HH
2021-10-25,74,DE-HH
2021-10-24,71,DE-HH
2021-10-23,70,DE-HH
2021-10-22,71,DE-HH
2021-10-21,64,DE-HH
2021-10-20,59,DE-HH
2021-10-19,57,DE-HH
2021-10-18,52,DE-HH
2021-10-17,54,DE-HH
2021-10-16,51,DE-HH
2021-10-15,48,DE-HH
2021-10-14,45,DE-HH
2021-10-13,47,DE-HH
2021-10-12,45,DE-HH
2021-10-11,43,DE-HH
2021-10-10,39,DE-HH
2021-10-09,35,DE-HH
2021-10-08,37,DE-HH
2021-10-07,41,DE-HH
2021-10-06,40,DE-HH
2021-10-05,45,DE-HH
2021-10-04,42,DE-HH
2021-10-03,45,DE-HH
2021-10-02,48,DE-HH
2021-10-01,48,DE-HH
2021-09-30,51,DE-HH
2021-09-29,52,DE-HH
2021-09-28,49,DE-HH
2021-09-27,59,DE-HH
2021-09-26,58,DE-HH
2021-09-25,57,DE-HH
2021-09-24,58,DE-HH
2021-09-23,54,DE-HH
2021-09-22,60,DE-HH
2021-09-21,63,DE-HH
2021-09-20,59,DE-HH
2021-09-19,58,DE-HH
2021-09-18,58,DE-HH
2021-09-17,63,DE-HH
2021-09-16,66,DE-HH
2021-09-15,60,DE-HH
2021-09-14,68,DE-HH
2021-09-13,75,DE-HH
2021-09-12,84,DE-HH
2021-09-11,88,DE-HH
2021-09-10,85,DE-HH
2021-09-09,83,DE-HH
2021-09-08,92,DE-HH
2021-09-07,89,DE-HH
2021-09-06,87,DE-HH
2021-09-05,81,DE-HH
2021-09-04,81,DE-HH
2021-09-03,79,DE-HH
2021-09-02,85,DE-HH
2021-09-01,76,DE-HH
2021-08-31,76,DE-HH
2021-08-30,71,DE-HH
2021-08-29,71,DE-HH
2021-08-28,67,DE-HH
2021-08-27,72,DE-HH
2021-08-26,68,DE-HH
2021-08-25,67,DE-HH
2021-08-24,67,DE-HH
2021-08-23,62,DE-HH
2021-08-22,64,DE-HH
2021-08-21,70,DE-HH
2021-08-20,66,DE-HH
2021-08-19,64,DE-HH
2021-08-18,66,DE-HH
2021-08-17,55,DE-HH
2021-08-16,57,DE-HH
2021-08-15,53,DE-HH
2021-08-14,50,DE-HH
2021-08-13,47,DE-HH
2021-08-12,46,DE-HH
2021-08-11,48,DE-HH
2021-08-10,50,DE-HH
2021-08-09,46,DE-HH
2021-08-08,48,DE-HH
2021-08-07,44,DE-HH
2021-08-06,41,DE-HH
2021-08-05,38,DE-HH
2021-08-04,34,DE-HH
2021-08-03,31,DE-HH
2021-08-02,28,DE-HH
2021-08-01,23,DE-HH
2021-07-31,24,DE-HH
2021-07-30,25,DE-HH
2021-07-29,21,DE-HH
2021-07-28,19,DE-HH
2021-07-27,15,DE-HH
2021-07-26,17,DE-HH
2021-07-25,20,DE-HH
2021-07-24,18,DE-HH
2021-07-23,14,DE-HH
2021-07-22,14,DE-HH
2021-07-21,13,DE-HH
2021-07-20,15,DE-HH
2021-07-19,17,DE-HH
2021-07-18,15,DE-HH
2021-07-17,16,DE-HH
2021-07-16,15,DE-HH
2021-07-15,15,DE-HH
2021-07-14,13,DE-HH
2021-07-13,12,DE-HH
2021-07-12,8,DE-HH
2021-07-11,8,DE-HH
2021-07-10,6,DE-HH
2021-07-09,12,DE-HH
2021-07-08,18,DE-HH
2021-07-07,17,DE-HH
2021-07-06,17,DE-HH
2021-07-05,18,DE-HH
2021-07-04,18,DE-HH
2021-07-03,18,DE-HH
2021-07-02,13,DE-HH
2021-07-01,7,DE-HH
2021-06-30,7,DE-HH
2021-06-29,7,DE-HH
2021-06-28,11,DE-HH
2021-06-27,10,DE-HH
2021-06-26,10,DE-HH
2021-06-25,10,DE-HH
2021-06-24,12,DE-HH
2021-06-23,12,DE-HH
2021-06-22,11,DE-HH
2021-06-21,9,DE-HH
2021-06-20,9,DE-HH
2021-06-19,8,DE-HH
2021-06-18,10,DE-HH
2021-06-17,11,DE-HH
2021-06-16,11,DE-HH
2021-06-15,11,DE-HH
2021-06-14,11,DE-HH
2021-06-13,13,DE-HH
2021-06-12,14,DE-HH
2021-06-11,15,DE-HH
2021-06-10,15,DE-HH
2021-06-09,19,DE-HH
2021-06-08,19,DE-HH
2021-06-07,18,DE-HH
2021-06-06,18,DE-HH
2021-06-05,17,DE-HH
2021-06-04,16,DE-HH
2021-06-03,19,DE-HH
2021-06-02,18,DE-HH
2021-06-01,22,DE-HH
2021-05-31,22,DE-HH
2021-05-30,21,DE-HH
2021-05-29,24,DE-HH
2021-05-28,25,DE-HH
2021-05-27,24,DE-HH
2021-05-26,25,DE-HH
2021-05-25,32,DE-HH
2021-05-24,39,DE-HH
2021-05-23,48,DE-HH
2021-05-22,47,DE-HH
2021-05-21,54,DE-HH
2021-05-20,52,DE-HH
2021-05-19,61,DE-HH
2021-05-18,59,DE-HH
2021-05-17,59,DE-HH
2021-05-16,61,DE-HH
2021-05-15,70,DE-HH
2021-05-14,69,DE-HH
2021-05-13,76,DE-HH
2021-05-12,79,DE-HH
2021-05-11,80,DE-HH
2021-05-10,82,DE-HH
2021-05-09,81,DE-HH
2021-05-08,80,DE-HH
2021-05-07,79,DE-HH
2021-05-06,84,DE-HH
2021-05-05,81,DE-HH
2021-05-04,86,DE-HH
2021-05-03,90,DE-HH
2021-05-02,96,DE-HH
2021-05-01,95,DE-HH
2021-04-30,110,DE-HH
2021-04-29,113,DE-HH
2021-04-28,129,DE-HH
2021-04-27,133,DE-HH
2021-04-26,140,DE-HH
2021-04-25,144,DE-HH
2021-04-24,150,DE-HH
2021-04-23,150,DE-HH
2021-04-22,151,DE-HH
2021-04-21,152,DE-HH
2021-04-20,157,DE-HH
2021-04-19,152,DE-HH
2021-04-18,153,DE-HH
2021-04-17,153,DE-HH
2021-04-16,158,DE-HH
2021-04-15,156,DE-HH
2021-04-14,143,DE-HH
2021-04-13,140,DE-HH
2021-04-12,144,DE-HH
2021-04-11,NA,DE-HH
2021-04-10,NA,DE-HH
2021-04-09,NA,DE-HH
2021-04-08,NA,DE-HH
2021-04-07,NA,DE-HH
2021-04-06,NA,DE-HH
2021-12-07,248.5,DE-MV
2021-12-06,236.5,DE-MV
2021-12-05,242.8,DE-MV
2021-12-04,225.8,DE-MV
2021-12-03,246.1,DE-MV
2021-12-02,246,DE-MV
2021-12-01,240.1,DE-MV
2021-11-30,284.2,DE-MV
2021-11-29,294.6,DE-MV
2021-11-28,286.4,DE-MV
2021-11-27,284.1,DE-MV
2021-11-26,286.2,DE-MV
2021-11-25,286.9,DE-MV
2021-11-24,297,DE-MV
2021-11-23,259.1,DE-MV
2021-11-22,233.7,DE-MV
2021-11-21,234.3,DE-MV
2021-11-20,238.8,DE-MV
2021-11-19,213.7,DE-MV
2021-11-18,203.8,DE-MV
2021-11-17,189.1,DE-MV
2021-11-16,190.2,DE-MV
2021-11-15,189,DE-MV
2021-11-14,180.7,DE-MV
2021-11-13,176.1,DE-MV
2021-11-12,175.5,DE-MV
2021-11-11,158.6,DE-MV
2021-11-10,137.8,DE-MV
2021-11-09,110,DE-MV
2021-11-08,101.8,DE-MV
2021-11-07,99.7,DE-MV
2021-11-06,87.4,DE-MV
2021-11-05,86.2,DE-MV
2021-11-04,88,DE-MV
2021-11-03,85.7,DE-MV
2021-11-02,82.5,DE-MV
2021-11-01,81.5,DE-MV
2021-10-31,78.4,DE-MV
2021-10-30,74.3,DE-MV
2021-10-29,62.1,DE-MV
2021-10-28,56,DE-MV
2021-10-27,55,DE-MV
2021-10-26,56,DE-MV
2021-10-25,56,DE-MV
2021-10-24,60,DE-MV
2021-10-23,60,DE-MV
2021-10-22,56,DE-MV
2021-10-21,57,DE-MV
2021-10-20,55,DE-MV
2021-10-19,50,DE-MV
2021-10-18,45,DE-MV
2021-10-17,48,DE-MV
2021-10-16,48,DE-MV
2021-10-15,54,DE-MV
2021-10-14,50,DE-MV
2021-10-13,47,DE-MV
2021-10-12,42,DE-MV
2021-10-11,41,DE-MV
2021-10-10,32,DE-MV
2021-10-09,32,DE-MV
2021-10-08,25,DE-MV
2021-10-07,20,DE-MV
2021-10-06,20,DE-MV
2021-10-05,28,DE-MV
2021-10-04,29,DE-MV
2021-10-03,29,DE-MV
2021-10-02,31,DE-MV
2021-10-01,33,DE-MV
2021-09-30,35,DE-MV
2021-09-29,31,DE-MV
2021-09-28,25,DE-MV
2021-09-27,26,DE-MV
2021-09-26,26,DE-MV
2021-09-25,22,DE-MV
2021-09-24,23,DE-MV
2021-09-23,23,DE-MV
2021-09-22,27,DE-MV
2021-09-21,21,DE-MV
2021-09-20,20,DE-MV
2021-09-19,18,DE-MV
2021-09-18,18,DE-MV
2021-09-17,15,DE-MV
2021-09-16,17,DE-MV
2021-09-15,12,DE-MV
2021-09-14,16,DE-MV
2021-09-13,17,DE-MV
2021-09-12,19,DE-MV
2021-09-11,27,DE-MV
2021-09-10,26,DE-MV
2021-09-09,26,DE-MV
2021-09-08,28,DE-MV
2021-09-07,33,DE-MV
2021-09-06,33,DE-MV
2021-09-05,33,DE-MV
2021-09-04,25,DE-MV
2021-09-03,31,DE-MV
2021-09-02,35,DE-MV
2021-09-01,34,DE-MV
2021-08-31,27,DE-MV
2021-08-30,26,DE-MV
2021-08-29,27,DE-MV
2021-08-28,28,DE-MV
2021-08-27,28,DE-MV
2021-08-26,25,DE-MV
2021-08-25,22,DE-MV
2021-08-24,26,DE-MV
2021-08-23,29,DE-MV
2021-08-22,33,DE-MV
2021-08-21,32,DE-MV
2021-08-20,33,DE-MV
2021-08-19,32,DE-MV
2021-08-18,36,DE-MV
2021-08-17,37,DE-MV
2021-08-16,35,DE-MV
2021-08-15,29,DE-MV
2021-08-14,27,DE-MV
2021-08-13,24,DE-MV
2021-08-12,24,DE-MV
2021-08-11,22,DE-MV
2021-08-10,16,DE-MV
2021-08-09,14,DE-MV
2021-08-08,13,DE-MV
2021-08-07,13,DE-MV
2021-08-06,7,DE-MV
2021-08-05,4,DE-MV
2021-08-04,4,DE-MV
2021-08-03,6,DE-MV
2021-08-02,7,DE-MV
2021-08-01,7,DE-MV
2021-07-31,8,DE-MV
2021-07-30,9,DE-MV
2021-07-29,8,DE-MV
2021-07-28,6,DE-MV
2021-07-27,3,DE-MV
2021-07-26,2,DE-MV
2021-07-25,2,DE-MV
2021-07-24,2,DE-MV
2021-07-23,1,DE-MV
2021-07-22,1,DE-MV
2021-07-21,3,DE-MV
2021-07-20,4,DE-MV
2021-07-19,4,DE-MV
2021-07-18,5,DE-MV
2021-07-17,4,DE-MV
2021-07-16,5,DE-MV
2021-07-15,5,DE-MV
2021-07-14,3,DE-MV
2021-07-13,2,DE-MV
2021-07-12,2,DE-MV
2021-07-11,1,DE-MV
2021-07-10,1,DE-MV
2021-07-09,0,DE-MV
2021-07-08,0,DE-MV
2021-07-07,0,DE-MV
2021-07-06,1,DE-MV
2021-07-05,1,DE-MV
2021-07-04,1,DE-MV
2021-07-03,2,DE-MV
2021-07-02,2,DE-MV
2021-07-01,3,DE-MV
2021-06-30,3,DE-MV
2021-06-29,5,DE-MV
2021-06-28,5,DE-MV
2021-06-27,6,DE-MV
2021-06-26,5,DE-MV
2021-06-25,5,DE-MV
2021-06-24,4,DE-MV
2021-06-23,5,DE-MV
2021-06-22,3,DE-MV
2021-06-21,5,DE-MV
2021-06-20,5,DE-MV
2021-06-19,8,DE-MV
2021-06-18,9,DE-MV
2021-06-17,9,DE-MV
2021-06-16,11,DE-MV
2021-06-15,13,DE-MV
2021-06-14,11,DE-MV
2021-06-13,11,DE-MV
2021-06-12,10,DE-MV
2021-06-11,10,DE-MV
2021-06-10,11,DE-MV
2021-06-09,11,DE-MV
2021-06-08,10,DE-MV
2021-06-07,12,DE-MV
2021-06-06,13,DE-MV
2021-06-05,13,DE-MV
2021-06-04,17,DE-MV
2021-06-03,21,DE-MV
2021-06-02,21,DE-MV
2021-06-01,22,DE-MV
2021-05-31,21,DE-MV
2021-05-30,22,DE-MV
2021-05-29,25,DE-MV
2021-05-28,26,DE-MV
2021-05-27,36,DE-MV
2021-05-26,40,DE-MV
2021-05-25,58,DE-MV
2021-05-24,70,DE-MV
2021-05-23,77,DE-MV
2021-05-22,84,DE-MV
2021-05-21,82,DE-MV
2021-05-20,82,DE-MV
2021-05-19,91,DE-MV
2021-05-18,90,DE-MV
2021-05-17,86,DE-MV
2021-05-16,82,DE-MV
2021-05-15,76,DE-MV
2021-05-14,88,DE-MV
2021-05-13,92,DE-MV
2021-05-12,102,DE-MV
2021-05-11,117,DE-MV
2021-05-10,125,DE-MV
2021-05-09,126,DE-MV
2021-05-08,132,DE-MV
2021-05-07,148,DE-MV
2021-05-06,156,DE-MV
2021-05-05,154,DE-MV
2021-05-04,163,DE-MV
2021-05-03,163,DE-MV
2021-05-02,171,DE-MV
2021-05-01,174,DE-MV
2021-04-30,184,DE-MV
2021-04-29,190,DE-MV
2021-04-28,200,DE-MV
2021-04-27,205,DE-MV
2021-04-26,210,DE-MV
2021-04-25,212,DE-MV
2021-04-24,219,DE-MV
2021-04-23,219,DE-MV
2021-04-22,212,DE-MV
2021-04-21,214,DE-MV
2021-04-20,216,DE-MV
2021-04-19,220,DE-MV
2021-04-18,212,DE-MV
2021-04-17,212,DE-MV
2021-04-16,207,DE-MV
2021-04-15,218,DE-MV
2021-04-14,319,DE-MV
2021-04-13,284,DE-MV
2021-04-12,277,DE-MV
2021-04-11,NA,DE-MV
2021-04-10,NA,DE-MV
2021-04-09,NA,DE-MV
2021-04-08,NA,DE-MV
2021-04-07,NA,DE-MV
2021-04-06,NA,DE-MV
2021-12-07,383.6,DE-NI
2021-12-06,387.5,DE-NI
2021-12-05,340.1,DE-NI
2021-12-04,343.6,DE-NI
2021-12-03,356.4,DE-NI
2021-12-02,373.3,DE-NI
2021-12-01,352.6,DE-NI
2021-11-30,375.6,DE-NI
2021-11-29,392.7,DE-NI
2021-11-28,404.7,DE-NI
2021-11-27,411.1,DE-NI
2021-11-26,418,DE-NI
2021-11-25,405.8,DE-NI
2021-11-24,389.5,DE-NI
2021-11-23,379.9,DE-NI
2021-11-22,382.9,DE-NI
2021-11-21,366,DE-NI
2021-11-20,357.7,DE-NI
2021-11-19,339.5,DE-NI
2021-11-18,324,DE-NI
2021-11-17,315.9,DE-NI
2021-11-16,307.5,DE-NI
2021-11-15,286.6,DE-NI
2021-11-14,291.5,DE-NI
2021-11-13,285,DE-NI
2021-11-12,269,DE-NI
2021-11-11,264.5,DE-NI
2021-11-10,268.1,DE-NI
2021-11-09,255.7,DE-NI
2021-11-08,251.6,DE-NI
2021-11-07,246.5,DE-NI
2021-11-06,253.4,DE-NI
2021-11-05,265.3,DE-NI
2021-11-04,261.1,DE-NI
2021-11-03,273.7,DE-NI
2021-11-02,272.6,DE-NI
2021-11-01,272.5,DE-NI
2021-10-31,269.5,DE-NI
2021-10-30,259.3,DE-NI
2021-10-29,243.1,DE-NI
2021-10-28,234,DE-NI
2021-10-27,205,DE-NI
2021-10-26,202,DE-NI
2021-10-25,204,DE-NI
2021-10-24,210,DE-NI
2021-10-23,204,DE-NI
2021-10-22,206,DE-NI
2021-10-21,209,DE-NI
2021-10-20,195,DE-NI
2021-10-19,185,DE-NI
2021-10-18,177,DE-NI
2021-10-17,178,DE-NI
2021-10-16,180,DE-NI
2021-10-15,176,DE-NI
2021-10-14,157,DE-NI
2021-10-13,161,DE-NI
2021-10-12,150,DE-NI
2021-10-11,145,DE-NI
2021-10-10,140,DE-NI
2021-10-09,138,DE-NI
2021-10-08,130,DE-NI
2021-10-07,135,DE-NI
2021-10-06,137,DE-NI
2021-10-05,152,DE-NI
2021-10-04,155,DE-NI
2021-10-03,155,DE-NI
2021-10-02,152,DE-NI
2021-10-01,161,DE-NI
2021-09-30,171,DE-NI
2021-09-29,167,DE-NI
2021-09-28,165,DE-NI
2021-09-27,160,DE-NI
2021-09-26,160,DE-NI
2021-09-25,164,DE-NI
2021-09-24,176,DE-NI
2021-09-23,173,DE-NI
2021-09-22,180,DE-NI
2021-09-21,181,DE-NI
2021-09-20,205,DE-NI
2021-09-19,213,DE-NI
2021-09-18,211,DE-NI
2021-09-17,227,DE-NI
2021-09-16,249,DE-NI
2021-09-15,254,DE-NI
2021-09-14,279,DE-NI
2021-09-13,277,DE-NI
2021-09-12,272,DE-NI
2021-09-11,278,DE-NI
2021-09-10,262,DE-NI
2021-09-09,260,DE-NI
2021-09-08,274,DE-NI
2021-09-07,270,DE-NI
2021-09-06,258,DE-NI
2021-09-05,262,DE-NI
2021-09-04,264,DE-NI
2021-09-03,254,DE-NI
2021-09-02,240,DE-NI
2021-09-01,237,DE-NI
2021-08-31,214,DE-NI
2021-08-30,214,DE-NI
2021-08-29,206,DE-NI
2021-08-28,201,DE-NI
2021-08-27,199,DE-NI
2021-08-26,208,DE-NI
2021-08-25,188,DE-NI
2021-08-24,192,DE-NI
2021-08-23,186,DE-NI
2021-08-22,183,DE-NI
2021-08-21,176,DE-NI
2021-08-20,170,DE-NI
2021-08-19,144,DE-NI
2021-08-18,135,DE-NI
2021-08-17,116,DE-NI
2021-08-16,105,DE-NI
2021-08-15,101,DE-NI
2021-08-14,95,DE-NI
2021-08-13,85,DE-NI
2021-08-12,75,DE-NI
2021-08-11,71,DE-NI
2021-08-10,65,DE-NI
2021-08-09,63,DE-NI
2021-08-08,65,DE-NI
2021-08-07,63,DE-NI
2021-08-06,66,DE-NI
2021-08-05,66,DE-NI
2021-08-04,57,DE-NI
2021-08-03,59,DE-NI
2021-08-02,51,DE-NI
2021-08-01,48,DE-NI
2021-07-31,49,DE-NI
2021-07-30,42,DE-NI
2021-07-29,38,DE-NI
2021-07-28,41,DE-NI
2021-07-27,35,DE-NI
2021-07-26,37,DE-NI
2021-07-25,40,DE-NI
2021-07-24,40,DE-NI
2021-07-23,39,DE-NI
2021-07-22,45,DE-NI
2021-07-21,42,DE-NI
2021-07-20,42,DE-NI
2021-07-19,40,DE-NI
2021-07-18,39,DE-NI
2021-07-17,35,DE-NI
2021-07-16,35,DE-NI
2021-07-15,27,DE-NI
2021-07-14,25,DE-NI
2021-07-13,26,DE-NI
2021-07-12,27,DE-NI
2021-07-11,26,DE-NI
2021-07-10,26,DE-NI
2021-07-09,25,DE-NI
2021-07-08,24,DE-NI
2021-07-07,27,DE-NI
2021-07-06,27,DE-NI
2021-07-05,24,DE-NI
2021-07-04,23,DE-NI
2021-07-03,24,DE-NI
2021-07-02,21,DE-NI
2021-07-01,23,DE-NI
2021-06-30,16,DE-NI
2021-06-29,14,DE-NI
2021-06-28,15,DE-NI
2021-06-27,18,DE-NI
2021-06-26,20,DE-NI
2021-06-25,22,DE-NI
2021-06-24,22,DE-NI
2021-06-23,26,DE-NI
2021-06-22,23,DE-NI
2021-06-21,24,DE-NI
2021-06-20,22,DE-NI
2021-06-19,21,DE-NI
2021-06-18,23,DE-NI
2021-06-17,28,DE-NI
2021-06-16,28,DE-NI
2021-06-15,33,DE-NI
2021-06-14,44,DE-NI
2021-06-13,46,DE-NI
2021-06-12,47,DE-NI
2021-06-11,46,DE-NI
2021-06-10,46,DE-NI
2021-06-09,51,DE-NI
2021-06-08,50,DE-NI
2021-06-07,39,DE-NI
2021-06-06,38,DE-NI
2021-06-05,38,DE-NI
2021-06-04,48,DE-NI
2021-06-03,53,DE-NI
2021-06-02,77,DE-NI
2021-06-01,97,DE-NI
2021-05-31,98,DE-NI
2021-05-30,104,DE-NI
2021-05-29,123,DE-NI
2021-05-28,130,DE-NI
2021-05-27,136,DE-NI
2021-05-26,128,DE-NI
2021-05-25,135,DE-NI
2021-05-24,147,DE-NI
2021-05-23,155,DE-NI
2021-05-22,154,DE-NI
2021-05-21,153,DE-NI
2021-05-20,160,DE-NI
2021-05-19,188,DE-NI
2021-05-18,197,DE-NI
2021-05-17,217,DE-NI
2021-05-16,222,DE-NI
2021-05-15,223,DE-NI
2021-05-14,261,DE-NI
2021-05-13,295,DE-NI
2021-05-12,304,DE-NI
2021-05-11,298,DE-NI
2021-05-10,305,DE-NI
2021-05-09,313,DE-NI
2021-05-08,347,DE-NI
2021-05-07,355,DE-NI
2021-05-06,343,DE-NI
2021-05-05,357,DE-NI
2021-05-04,374,DE-NI
2021-05-03,387,DE-NI
2021-05-02,387,DE-NI
2021-05-01,391,DE-NI
2021-04-30,376,DE-NI
2021-04-29,399,DE-NI
2021-04-28,402,DE-NI
2021-04-27,426,DE-NI
2021-04-26,441,DE-NI
2021-04-25,440,DE-NI
2021-04-24,438,DE-NI
2021-04-23,457,DE-NI
2021-04-22,468,DE-NI
2021-04-21,480,DE-NI
2021-04-20,475,DE-NI
2021-04-19,466,DE-NI
2021-04-18,467,DE-NI
2021-04-17,469,DE-NI
2021-04-16,487,DE-NI
2021-04-15,463,DE-NI
2021-04-14,464,DE-NI
2021-04-13,456,DE-NI
2021-04-12,433,DE-NI
2021-04-11,NA,DE-NI
2021-04-10,NA,DE-NI
2021-04-09,NA,DE-NI
2021-04-08,NA,DE-NI
2021-04-07,NA,DE-NI
2021-04-06,NA,DE-NI
2021-12-07,1814.3,DE-NW
2021-12-06,1659.3,DE-NW
2021-12-05,1641.5,DE-NW
2021-12-04,1580.7,DE-NW
2021-12-03,1569.1,DE-NW
2021-12-02,1556.4,DE-NW
2021-12-01,1549.9,DE-NW
2021-11-30,1535.8,DE-NW
2021-11-29,1606.2,DE-NW
2021-11-28,1632.6,DE-NW
2021-11-27,1608.2,DE-NW
2021-11-26,1613.3,DE-NW
2021-11-25,1555.9,DE-NW
2021-11-24,1501.9,DE-NW
2021-11-23,1551.1,DE-NW
2021-11-22,1519.6,DE-NW
2021-11-21,1476.8,DE-NW
2021-11-20,1478.7,DE-NW
2021-11-19,1400.8,DE-NW
2021-11-18,1394.7,DE-NW
2021-11-17,1394.9,DE-NW
2021-11-16,1316.2,DE-NW
2021-11-15,1274.8,DE-NW
2021-11-14,1281,DE-NW
2021-11-13,1262.9,DE-NW
2021-11-12,1232.2,DE-NW
2021-11-11,1230.8,DE-NW
2021-11-10,1208.8,DE-NW
2021-11-09,1164.4,DE-NW
2021-11-08,1075.3,DE-NW
2021-11-07,1034.5,DE-NW
2021-11-06,1007.5,DE-NW
2021-11-05,985.2,DE-NW
2021-11-04,954.8,DE-NW
2021-11-03,969.3,DE-NW
2021-11-02,960.6,DE-NW
2021-11-01,999.3,DE-NW
2021-10-31,992,DE-NW
2021-10-30,995.4,DE-NW
2021-10-29,987.6,DE-NW
2021-10-28,958,DE-NW
2021-10-27,898,DE-NW
2021-10-26,868,DE-NW
2021-10-25,856,DE-NW
2021-10-24,857,DE-NW
2021-10-23,826,DE-NW
2021-10-22,768,DE-NW
2021-10-21,739,DE-NW
2021-10-20,662,DE-NW
2021-10-19,628,DE-NW
2021-10-18,601,DE-NW
2021-10-17,569,DE-NW
2021-10-16,543,DE-NW
2021-10-15,546,DE-NW
2021-10-14,516,DE-NW
2021-10-13,526,DE-NW
2021-10-12,527,DE-NW
2021-10-11,500,DE-NW
2021-10-10,506,DE-NW
2021-10-09,496,DE-NW
2021-10-08,470,DE-NW
2021-10-07,461,DE-NW
2021-10-06,476,DE-NW
2021-10-05,466,DE-NW
2021-10-04,470,DE-NW
2021-10-03,477,DE-NW
2021-10-02,504,DE-NW
2021-10-01,522,DE-NW
2021-09-30,537,DE-NW
2021-09-29,505,DE-NW
2021-09-28,509,DE-NW
2021-09-27,513,DE-NW
2021-09-26,515,DE-NW
2021-09-25,507,DE-NW
2021-09-24,538,DE-NW
2021-09-23,545,DE-NW
2021-09-22,570,DE-NW
2021-09-21,610,DE-NW
2021-09-20,640,DE-NW
2021-09-19,651,DE-NW
2021-09-18,689,DE-NW
2021-09-17,705,DE-NW
2021-09-16,750,DE-NW
2021-09-15,766,DE-NW
2021-09-14,788,DE-NW
2021-09-13,788,DE-NW
2021-09-12,803,DE-NW
2021-09-11,797,DE-NW
2021-09-10,802,DE-NW
2021-09-09,804,DE-NW
2021-09-08,840,DE-NW
2021-09-07,876,DE-NW
2021-09-06,882,DE-NW
2021-09-05,896,DE-NW
2021-09-04,925,DE-NW
2021-09-03,957,DE-NW
2021-09-02,955,DE-NW
2021-09-01,982,DE-NW
2021-08-31,996,DE-NW
2021-08-30,1044,DE-NW
2021-08-29,1043,DE-NW
2021-08-28,1013,DE-NW
2021-08-27,966,DE-NW
2021-08-26,948,DE-NW
2021-08-25,907,DE-NW
2021-08-24,828,DE-NW
2021-08-23,784,DE-NW
2021-08-22,770,DE-NW
2021-08-21,754,DE-NW
2021-08-20,741,DE-NW
2021-08-19,727,DE-NW
2021-08-18,678,DE-NW
2021-08-17,659,DE-NW
2021-08-16,627,DE-NW
2021-08-15,589,DE-NW
2021-08-14,565,DE-NW
2021-08-13,514,DE-NW
2021-08-12,455,DE-NW
2021-08-11,423,DE-NW
2021-08-10,382,DE-NW
2021-08-09,363,DE-NW
2021-08-08,363,DE-NW
2021-08-07,343,DE-NW
2021-08-06,322,DE-NW
2021-08-05,312,DE-NW
2021-08-04,313,DE-NW
2021-08-03,291,DE-NW
2021-08-02,253,DE-NW
2021-08-01,236,DE-NW
2021-07-31,220,DE-NW
2021-07-30,218,DE-NW
2021-07-29,210,DE-NW
2021-07-28,187,DE-NW
2021-07-27,175,DE-NW
2021-07-26,186,DE-NW
2021-07-25,194,DE-NW
2021-07-24,198,DE-NW
2021-07-23,191,DE-NW
2021-07-22,170,DE-NW
2021-07-21,161,DE-NW
2021-07-20,153,DE-NW
2021-07-19,133,DE-NW
2021-07-18,122,DE-NW
2021-07-17,117,DE-NW
2021-07-16,119,DE-NW
2021-07-15,119,DE-NW
2021-07-14,105,DE-NW
2021-07-13,99,DE-NW
2021-07-12,94,DE-NW
2021-07-11,96,DE-NW
2021-07-10,83,DE-NW
2021-07-09,63,DE-NW
2021-07-08,67,DE-NW
2021-07-07,75,DE-NW
2021-07-06,78,DE-NW
2021-07-05,77,DE-NW
2021-07-04,74,DE-NW
2021-07-03,81,DE-NW
2021-07-02,85,DE-NW
2021-07-01,83,DE-NW
2021-06-30,80,DE-NW
2021-06-29,79,DE-NW
2021-06-28,88,DE-NW
2021-06-27,92,DE-NW
2021-06-26,97,DE-NW
2021-06-25,102,DE-NW
2021-06-24,117,DE-NW
2021-06-23,123,DE-NW
2021-06-22,126,DE-NW
2021-06-21,132,DE-NW
2021-06-20,136,DE-NW
2021-06-19,133,DE-NW
2021-06-18,142,DE-NW
2021-06-17,150,DE-NW
2021-06-16,169,DE-NW
2021-06-15,200,DE-NW
2021-06-14,201,DE-NW
2021-06-13,214,DE-NW
2021-06-12,229,DE-NW
2021-06-11,245,DE-NW
2021-06-10,245,DE-NW
2021-06-09,258,DE-NW
2021-06-08,276,DE-NW
2021-06-07,302,DE-NW
2021-06-06,301,DE-NW
2021-06-05,323,DE-NW
2021-06-04,343,DE-NW
2021-06-03,377,DE-NW
2021-06-02,413,DE-NW
2021-06-01,405,DE-NW
2021-05-31,394,DE-NW
2021-05-30,401,DE-NW
2021-05-29,409,DE-NW
2021-05-28,440,DE-NW
2021-05-27,461,DE-NW
2021-05-26,492,DE-NW
2021-05-25,558,DE-NW
2021-05-24,624,DE-NW
2021-05-23,700,DE-NW
2021-05-22,769,DE-NW
2021-05-21,779,DE-NW
2021-05-20,795,DE-NW
2021-05-19,863,DE-NW
2021-05-18,950,DE-NW
2021-05-17,985,DE-NW
2021-05-16,983,DE-NW
2021-05-15,991,DE-NW
2021-05-14,1090,DE-NW
2021-05-13,1190,DE-NW
2021-05-12,1294,DE-NW
2021-05-11,1336,DE-NW
2021-05-10,1420,DE-NW
2021-05-09,1445,DE-NW
2021-05-08,1510,DE-NW
2021-05-07,1571,DE-NW
2021-05-06,1637,DE-NW
2021-05-05,1644,DE-NW
2021-05-04,1680,DE-NW
2021-05-03,1678,DE-NW
2021-05-02,1688,DE-NW
2021-05-01,1732,DE-NW
2021-04-30,1797,DE-NW
2021-04-29,1870,DE-NW
2021-04-28,1905,DE-NW
2021-04-27,1962,DE-NW
2021-04-26,2002,DE-NW
2021-04-25,2021,DE-NW
2021-04-24,2027,DE-NW
2021-04-23,2009,DE-NW
2021-04-22,1945,DE-NW
2021-04-21,1938,DE-NW
2021-04-20,1939,DE-NW
2021-04-19,1890,DE-NW
2021-04-18,1910,DE-NW
2021-04-17,1902,DE-NW
2021-04-16,1865,DE-NW
2021-04-15,1922,DE-NW
2021-04-14,1888,DE-NW
2021-04-13,1764,DE-NW
2021-04-12,1731,DE-NW
2021-04-11,NA,DE-NW
2021-04-10,NA,DE-NW
2021-04-09,NA,DE-NW
2021-04-08,NA,DE-NW
2021-04-07,NA,DE-NW
2021-04-06,NA,DE-NW
2021-12-07,343.3,DE-RP
2021-12-06,352.2,DE-RP
2021-12-05,360.4,DE-RP
2021-12-04,356.6,DE-RP
2021-12-03,352.2,DE-RP
2021-12-02,355.4,DE-RP
2021-12-01,377.5,DE-RP
2021-11-30,397.7,DE-RP
2021-11-29,402.5,DE-RP
2021-11-28,402.1,DE-RP
2021-11-27,379.3,DE-RP
2021-11-26,361.7,DE-RP
2021-11-25,363.6,DE-RP
2021-11-24,335.9,DE-RP
2021-11-23,330.4,DE-RP
2021-11-22,318.6,DE-RP
2021-11-21,316.5,DE-RP
2021-11-20,320.3,DE-RP
2021-11-19,315.7,DE-RP
2021-11-18,309.3,DE-RP
2021-11-17,288.5,DE-RP
2021-11-16,275.5,DE-RP
2021-11-15,260.2,DE-RP
2021-11-14,247.5,DE-RP
2021-11-13,253.9,DE-RP
2021-11-12,245.9,DE-RP
2021-11-11,242.1,DE-RP
2021-11-10,269,DE-RP
2021-11-09,273.7,DE-RP
2021-11-08,247.5,DE-RP
2021-11-07,258.5,DE-RP
2021-11-06,240,DE-RP
2021-11-05,236.8,DE-RP
2021-11-04,216.3,DE-RP
2021-11-03,206.9,DE-RP
2021-11-02,187.7,DE-RP
2021-11-01,209.7,DE-RP
2021-10-31,211.5,DE-RP
2021-10-30,214.4,DE-RP
2021-10-29,221.2,DE-RP
2021-10-28,215,DE-RP
2021-10-27,201,DE-RP
2021-10-26,215,DE-RP
2021-10-25,216,DE-RP
2021-10-24,203,DE-RP
2021-10-23,193,DE-RP
2021-10-22,169,DE-RP
2021-10-21,157,DE-RP
2021-10-20,147,DE-RP
2021-10-19,120,DE-RP
2021-10-18,101,DE-RP
2021-10-17,102,DE-RP
2021-10-16,115,DE-RP
2021-10-15,108,DE-RP
2021-10-14,116,DE-RP
2021-10-13,122,DE-RP
2021-10-12,128,DE-RP
2021-10-11,120,DE-RP
2021-10-10,124,DE-RP
2021-10-09,120,DE-RP
2021-10-08,138,DE-RP
2021-10-07,135,DE-RP
2021-10-06,130,DE-RP
2021-10-05,125,DE-RP
2021-10-04,129,DE-RP
2021-10-03,127,DE-RP
2021-10-02,114,DE-RP
2021-10-01,104,DE-RP
2021-09-30,98,DE-RP
2021-09-29,108,DE-RP
2021-09-28,118,DE-RP
2021-09-27,130,DE-RP
2021-09-26,128,DE-RP
2021-09-25,140,DE-RP
2021-09-24,152,DE-RP
2021-09-23,157,DE-RP
2021-09-22,143,DE-RP
2021-09-21,144,DE-RP
2021-09-20,153,DE-RP
2021-09-19,153,DE-RP
2021-09-18,162,DE-RP
2021-09-17,151,DE-RP
2021-09-16,160,DE-RP
2021-09-15,187,DE-RP
2021-09-14,198,DE-RP
2021-09-13,199,DE-RP
2021-09-12,201,DE-RP
2021-09-11,198,DE-RP
2021-09-10,203,DE-RP
2021-09-09,195,DE-RP
2021-09-08,182,DE-RP
2021-09-07,185,DE-RP
2021-09-06,174,DE-RP
2021-09-05,182,DE-RP
2021-09-04,177,DE-RP
2021-09-03,180,DE-RP
2021-09-02,181,DE-RP
2021-09-01,172,DE-RP
2021-08-31,150,DE-RP
2021-08-30,153,DE-RP
2021-08-29,143,DE-RP
2021-08-28,139,DE-RP
2021-08-27,128,DE-RP
2021-08-26,129,DE-RP
2021-08-25,135,DE-RP
2021-08-24,141,DE-RP
2021-08-23,139,DE-RP
2021-08-22,141,DE-RP
2021-08-21,138,DE-RP
2021-08-20,139,DE-RP
2021-08-19,121,DE-RP
2021-08-18,103,DE-RP
2021-08-17,80,DE-RP
2021-08-16,64,DE-RP
2021-08-15,59,DE-RP
2021-08-14,56,DE-RP
2021-08-13,49,DE-RP
2021-08-12,44,DE-RP
2021-08-11,39,DE-RP
2021-08-10,39,DE-RP
2021-08-09,38,DE-RP
2021-08-08,37,DE-RP
2021-08-07,37,DE-RP
2021-08-06,37,DE-RP
2021-08-05,40,DE-RP
2021-08-04,38,DE-RP
2021-08-03,42,DE-RP
2021-08-02,42,DE-RP
2021-08-01,42,DE-RP
2021-07-31,40,DE-RP
2021-07-30,35,DE-RP
2021-07-29,37,DE-RP
2021-07-28,37,DE-RP
2021-07-27,32,DE-RP
2021-07-26,30,DE-RP
2021-07-25,29,DE-RP
2021-07-24,27,DE-RP
2021-07-23,28,DE-RP
2021-07-22,22,DE-RP
2021-07-21,21,DE-RP
2021-07-20,18,DE-RP
2021-07-19,16,DE-RP
2021-07-18,16,DE-RP
2021-07-17,19,DE-RP
2021-07-16,18,DE-RP
2021-07-15,20,DE-RP
2021-07-14,23,DE-RP
2021-07-13,24,DE-RP
2021-07-12,24,DE-RP
2021-07-11,24,DE-RP
2021-07-10,25,DE-RP
2021-07-09,23,DE-RP
2021-07-08,26,DE-RP
2021-07-07,27,DE-RP
2021-07-06,22,DE-RP
2021-07-05,20,DE-RP
2021-07-04,20,DE-RP
2021-07-03,16,DE-RP
2021-07-02,17,DE-RP
2021-07-01,13,DE-RP
2021-06-30,15,DE-RP
2021-06-29,17,DE-RP
2021-06-28,17,DE-RP
2021-06-27,17,DE-RP
2021-06-26,18,DE-RP
2021-06-25,18,DE-RP
2021-06-24,22,DE-RP
2021-06-23,18,DE-RP
2021-06-22,24,DE-RP
2021-06-21,24,DE-RP
2021-06-20,29,DE-RP
2021-06-19,30,DE-RP
2021-06-18,31,DE-RP
2021-06-17,34,DE-RP
2021-06-16,40,DE-RP
2021-06-15,38,DE-RP
2021-06-14,43,DE-RP
2021-06-13,40,DE-RP
2021-06-12,44,DE-RP
2021-06-11,43,DE-RP
2021-06-10,44,DE-RP
2021-06-09,48,DE-RP
2021-06-08,55,DE-RP
2021-06-07,53,DE-RP
2021-06-06,53,DE-RP
2021-06-05,51,DE-RP
2021-06-04,67,DE-RP
2021-06-03,71,DE-RP
2021-06-02,80,DE-RP
2021-06-01,83,DE-RP
2021-05-31,86,DE-RP
2021-05-30,90,DE-RP
2021-05-29,91,DE-RP
2021-05-28,92,DE-RP
2021-05-27,95,DE-RP
2021-05-26,90,DE-RP
2021-05-25,98,DE-RP
2021-05-24,103,DE-RP
2021-05-23,109,DE-RP
2021-05-22,128,DE-RP
2021-05-21,126,DE-RP
2021-05-20,123,DE-RP
2021-05-19,137,DE-RP
2021-05-18,136,DE-RP
2021-05-17,155,DE-RP
2021-05-16,163,DE-RP
2021-05-15,163,DE-RP
2021-05-14,177,DE-RP
2021-05-13,201,DE-RP
2021-05-12,200,DE-RP
2021-05-11,221,DE-RP
2021-05-10,220,DE-RP
2021-05-09,212,DE-RP
2021-05-08,218,DE-RP
2021-05-07,213,DE-RP
2021-05-06,226,DE-RP
2021-05-05,253,DE-RP
2021-05-04,254,DE-RP
2021-05-03,261,DE-RP
2021-05-02,268,DE-RP
2021-05-01,268,DE-RP
2021-04-30,290,DE-RP
2021-04-29,293,DE-RP
2021-04-28,284,DE-RP
2021-04-27,294,DE-RP
2021-04-26,296,DE-RP
2021-04-25,299,DE-RP
2021-04-24,298,DE-RP
2021-04-23,302,DE-RP
2021-04-22,297,DE-RP
2021-04-21,293,DE-RP
2021-04-20,296,DE-RP
2021-04-19,290,DE-RP
2021-04-18,291,DE-RP
2021-04-17,295,DE-RP
2021-04-16,268,DE-RP
2021-04-15,253,DE-RP
2021-04-14,261,DE-RP
2021-04-13,244,DE-RP
2021-04-12,236,DE-RP
2021-04-11,NA,DE-RP
2021-04-10,NA,DE-RP
2021-04-09,NA,DE-RP
2021-04-08,NA,DE-RP
2021-04-07,NA,DE-RP
2021-04-06,NA,DE-RP
2021-12-07,149.8,DE-SH
2021-12-06,163.6,DE-SH
2021-12-05,147.3,DE-SH
2021-12-04,147.2,DE-SH
2021-12-03,143.2,DE-SH
2021-12-02,140.4,DE-SH
2021-12-01,158.7,DE-SH
2021-11-30,175.2,DE-SH
2021-11-29,172.2,DE-SH
2021-11-28,179.9,DE-SH
2021-11-27,179,DE-SH
2021-11-26,188.1,DE-SH
2021-11-25,197,DE-SH
2021-11-24,190.5,DE-SH
2021-11-23,180.1,DE-SH
2021-11-22,168.1,DE-SH
2021-11-21,160,DE-SH
2021-11-20,155.4,DE-SH
2021-11-19,151.4,DE-SH
2021-11-18,136.7,DE-SH
2021-11-17,137.3,DE-SH
2021-11-16,146.2,DE-SH
2021-11-15,143.1,DE-SH
2021-11-14,146.1,DE-SH
2021-11-13,143.1,DE-SH
2021-11-12,138.1,DE-SH
2021-11-11,132.1,DE-SH
2021-11-10,109,DE-SH
2021-11-09,87,DE-SH
2021-11-08,81,DE-SH
2021-11-07,78,DE-SH
2021-11-06,79,DE-SH
2021-11-05,75,DE-SH
2021-11-04,77,DE-SH
2021-11-03,84,DE-SH
2021-11-02,88,DE-SH
2021-11-01,85,DE-SH
2021-10-31,83,DE-SH
2021-10-30,83,DE-SH
2021-10-29,83,DE-SH
2021-10-28,85,DE-SH
2021-10-27,82,DE-SH
2021-10-26,84,DE-SH
2021-10-25,95,DE-SH
2021-10-24,94,DE-SH
2021-10-23,90,DE-SH
2021-10-22,85,DE-SH
2021-10-21,74,DE-SH
2021-10-20,68,DE-SH
2021-10-19,56,DE-SH
2021-10-18,50,DE-SH
2021-10-17,51,DE-SH
2021-10-16,52,DE-SH
2021-10-15,52,DE-SH
2021-10-14,55,DE-SH
2021-10-13,51,DE-SH
2021-10-12,53,DE-SH
2021-10-11,51,DE-SH
2021-10-10,52,DE-SH
2021-10-09,55,DE-SH
2021-10-08,55,DE-SH
2021-10-07,57,DE-SH
2021-10-06,59,DE-SH
2021-10-05,56,DE-SH
2021-10-04,56,DE-SH
2021-10-03,55,DE-SH
2021-10-02,50,DE-SH
2021-10-01,51,DE-SH
2021-09-30,47,DE-SH
2021-09-29,54,DE-SH
2021-09-28,56,DE-SH
2021-09-27,55,DE-SH
2021-09-26,55,DE-SH
2021-09-25,56,DE-SH
2021-09-24,55,DE-SH
2021-09-23,55,DE-SH
2021-09-22,60,DE-SH
2021-09-21,63,DE-SH
2021-09-20,65,DE-SH
2021-09-19,69,DE-SH
2021-09-18,72,DE-SH
2021-09-17,75,DE-SH
2021-09-16,81,DE-SH
2021-09-15,82,DE-SH
2021-09-14,85,DE-SH
2021-09-13,85,DE-SH
2021-09-12,79,DE-SH
2021-09-11,82,DE-SH
2021-09-10,83,DE-SH
2021-09-09,81,DE-SH
2021-09-08,75,DE-SH
2021-09-07,73,DE-SH
2021-09-06,78,DE-SH
2021-09-05,78,DE-SH
2021-09-04,75,DE-SH
2021-09-03,67,DE-SH
2021-09-02,64,DE-SH
2021-09-01,68,DE-SH
2021-08-31,70,DE-SH
2021-08-30,72,DE-SH
2021-08-29,73,DE-SH
2021-08-28,72,DE-SH
2021-08-27,75,DE-SH
2021-08-26,76,DE-SH
2021-08-25,81,DE-SH
2021-08-24,75,DE-SH
2021-08-23,72,DE-SH
2021-08-22,72,DE-SH
2021-08-21,70,DE-SH
2021-08-20,73,DE-SH
2021-08-19,76,DE-SH
2021-08-18,68,DE-SH
2021-08-17,73,DE-SH
2021-08-16,67,DE-SH
2021-08-15,71,DE-SH
2021-08-14,73,DE-SH
2021-08-13,72,DE-SH
2021-08-12,68,DE-SH
2021-08-11,58,DE-SH
2021-08-10,58,DE-SH
2021-08-09,55,DE-SH
2021-08-08,52,DE-SH
2021-08-07,47,DE-SH
2021-08-06,47,DE-SH
2021-08-05,44,DE-SH
2021-08-04,43,DE-SH
2021-08-03,42,DE-SH
2021-08-02,42,DE-SH
2021-08-01,43,DE-SH
2021-07-31,47,DE-SH
2021-07-30,40,DE-SH
2021-07-29,38,DE-SH
2021-07-28,39,DE-SH
2021-07-27,29,DE-SH
2021-07-26,28,DE-SH
2021-07-25,24,DE-SH
2021-07-24,19,DE-SH
2021-07-23,16,DE-SH
2021-07-22,13,DE-SH
2021-07-21,10,DE-SH
2021-07-20,8,DE-SH
2021-07-19,6,DE-SH
2021-07-18,7,DE-SH
2021-07-17,6,DE-SH
2021-07-16,6,DE-SH
2021-07-15,7,DE-SH
2021-07-14,8,DE-SH
2021-07-13,8,DE-SH
2021-07-12,8,DE-SH
2021-07-11,7,DE-SH
2021-07-10,10,DE-SH
2021-07-09,9,DE-SH
2021-07-08,8,DE-SH
2021-07-07,8,DE-SH
2021-07-06,8,DE-SH
2021-07-05,6,DE-SH
2021-07-04,6,DE-SH
2021-07-03,4,DE-SH
2021-07-02,9,DE-SH
2021-07-01,10,DE-SH
2021-06-30,11,DE-SH
2021-06-29,12,DE-SH
2021-06-28,13,DE-SH
2021-06-27,16,DE-SH
2021-06-26,18,DE-SH
2021-06-25,15,DE-SH
2021-06-24,15,DE-SH
2021-06-23,16,DE-SH
2021-06-22,15,DE-SH
2021-06-21,16,DE-SH
2021-06-20,13,DE-SH
2021-06-19,13,DE-SH
2021-06-18,15,DE-SH
2021-06-17,18,DE-SH
2021-06-16,19,DE-SH
2021-06-15,25,DE-SH
2021-06-14,25,DE-SH
2021-06-13,25,DE-SH
2021-06-12,24,DE-SH
2021-06-11,21,DE-SH
2021-06-10,20,DE-SH
2021-06-09,21,DE-SH
2021-06-08,15,DE-SH
2021-06-07,14,DE-SH
2021-06-06,20,DE-SH
2021-06-05,20,DE-SH
2021-06-04,25,DE-SH
2021-06-03,27,DE-SH
2021-06-02,24,DE-SH
2021-06-01,27,DE-SH
2021-05-31,28,DE-SH
2021-05-30,26,DE-SH
2021-05-29,34,DE-SH
2021-05-28,36,DE-SH
2021-05-27,33,DE-SH
2021-05-26,43,DE-SH
2021-05-25,47,DE-SH
2021-05-24,52,DE-SH
2021-05-23,53,DE-SH
2021-05-22,53,DE-SH
2021-05-21,54,DE-SH
2021-05-20,66,DE-SH
2021-05-19,70,DE-SH
2021-05-18,73,DE-SH
2021-05-17,77,DE-SH
2021-05-16,79,DE-SH
2021-05-15,85,DE-SH
2021-05-14,88,DE-SH
2021-05-13,94,DE-SH
2021-05-12,93,DE-SH
2021-05-11,101,DE-SH
2021-05-10,106,DE-SH
2021-05-09,107,DE-SH
2021-05-08,104,DE-SH
2021-05-07,110,DE-SH
2021-05-06,107,DE-SH
2021-05-05,109,DE-SH
2021-05-04,115,DE-SH
2021-05-03,109,DE-SH
2021-05-02,115,DE-SH
2021-05-01,128,DE-SH
2021-04-30,127,DE-SH
2021-04-29,137,DE-SH
2021-04-28,141,DE-SH
2021-04-27,136,DE-SH
2021-04-26,143,DE-SH
2021-04-25,143,DE-SH
2021-04-24,133,DE-SH
2021-04-23,137,DE-SH
2021-04-22,130,DE-SH
2021-04-21,134,DE-SH
2021-04-20,144,DE-SH
2021-04-19,144,DE-SH
2021-04-18,142,DE-SH
2021-04-17,142,DE-SH
2021-04-16,142,DE-SH
2021-04-15,143,DE-SH
2021-04-14,150,DE-SH
2021-04-13,145,DE-SH
2021-04-12,143,DE-SH
2021-04-11,NA,DE-SH
2021-04-10,NA,DE-SH
2021-04-09,NA,DE-SH
2021-04-08,NA,DE-SH
2021-04-07,NA,DE-SH
2021-04-06,NA,DE-SH
2021-12-07,83.6,DE-SL
2021-12-06,90.2,DE-SL
2021-12-05,76.6,DE-SL
2021-12-04,81.8,DE-SL
2021-12-03,79.6,DE-SL
2021-12-02,77.7,DE-SL
2021-12-01,65.8,DE-SL
2021-11-30,70.6,DE-SL
2021-11-29,64.5,DE-SL
2021-11-28,62.1,DE-SL
2021-11-27,58.3,DE-SL
2021-11-26,53.2,DE-SL
2021-11-25,47.9,DE-SL
2021-11-24,44.2,DE-SL
2021-11-23,39.3,DE-SL
2021-11-22,39.1,DE-SL
2021-11-21,39.1,DE-SL
2021-11-20,39,DE-SL
2021-11-19,41.9,DE-SL
2021-11-18,34.5,DE-SL
2021-11-17,37.4,DE-SL
2021-11-16,37.3,DE-SL
2021-11-15,36.2,DE-SL
2021-11-14,39.2,DE-SL
2021-11-13,40.2,DE-SL
2021-11-12,37.2,DE-SL
2021-11-11,38.2,DE-SL
2021-11-10,34.1,DE-SL
2021-11-09,30.1,DE-SL
2021-11-08,27.1,DE-SL
2021-11-07,24.1,DE-SL
2021-11-06,24.1,DE-SL
2021-11-05,24.1,DE-SL
2021-11-04,21,DE-SL
2021-11-03,19,DE-SL
2021-11-02,16,DE-SL
2021-11-01,17,DE-SL
2021-10-31,18,DE-SL
2021-10-30,19,DE-SL
2021-10-29,16,DE-SL
2021-10-28,18,DE-SL
2021-10-27,21,DE-SL
2021-10-26,20,DE-SL
2021-10-25,22,DE-SL
2021-10-24,21,DE-SL
2021-10-23,20,DE-SL
2021-10-22,23,DE-SL
2021-10-21,23,DE-SL
2021-10-20,21,DE-SL
2021-10-19,20,DE-SL
2021-10-18,19,DE-SL
2021-10-17,21,DE-SL
2021-10-16,20,DE-SL
2021-10-15,20,DE-SL
2021-10-14,18,DE-SL
2021-10-13,18,DE-SL
2021-10-12,21,DE-SL
2021-10-11,20,DE-SL
2021-10-10,19,DE-SL
2021-10-09,18,DE-SL
2021-10-08,18,DE-SL
2021-10-07,19,DE-SL
2021-10-06,17,DE-SL
2021-10-05,20,DE-SL
2021-10-04,21,DE-SL
2021-10-03,20,DE-SL
2021-10-02,18,DE-SL
2021-10-01,16,DE-SL
2021-09-30,18,DE-SL
2021-09-29,19,DE-SL
2021-09-28,16,DE-SL
2021-09-27,14,DE-SL
2021-09-26,14,DE-SL
2021-09-25,15,DE-SL
2021-09-24,15,DE-SL
2021-09-23,13,DE-SL
2021-09-22,14,DE-SL
2021-09-21,11,DE-SL
2021-09-20,10,DE-SL
2021-09-19,11,DE-SL
2021-09-18,10,DE-SL
2021-09-17,10,DE-SL
2021-09-16,12,DE-SL
2021-09-15,15,DE-SL
2021-09-14,18,DE-SL
2021-09-13,24,DE-SL
2021-09-12,23,DE-SL
2021-09-11,29,DE-SL
2021-09-10,29,DE-SL
2021-09-09,32,DE-SL
2021-09-08,28,DE-SL
2021-09-07,28,DE-SL
2021-09-06,23,DE-SL
2021-09-05,26,DE-SL
2021-09-04,25,DE-SL
2021-09-03,28,DE-SL
2021-09-02,28,DE-SL
2021-09-01,33,DE-SL
2021-08-31,34,DE-SL
2021-08-30,37,DE-SL
2021-08-29,38,DE-SL
2021-08-28,34,DE-SL
2021-08-27,32,DE-SL
2021-08-26,27,DE-SL
2021-08-25,22,DE-SL
2021-08-24,22,DE-SL
2021-08-23,21,DE-SL
2021-08-22,19,DE-SL
2021-08-21,19,DE-SL
2021-08-20,19,DE-SL
2021-08-19,17,DE-SL
2021-08-18,18,DE-SL
2021-08-17,16,DE-SL
2021-08-16,14,DE-SL
2021-08-15,12,DE-SL
2021-08-14,11,DE-SL
2021-08-13,11,DE-SL
2021-08-12,11,DE-SL
2021-08-11,11,DE-SL
2021-08-10,8,DE-SL
2021-08-09,9,DE-SL
2021-08-08,9,DE-SL
2021-08-07,11,DE-SL
2021-08-06,12,DE-SL
2021-08-05,13,DE-SL
2021-08-04,12,DE-SL
2021-08-03,12,DE-SL
2021-08-02,10,DE-SL
2021-08-01,11,DE-SL
2021-07-31,11,DE-SL
2021-07-30,7,DE-SL
2021-07-29,6,DE-SL
2021-07-28,5,DE-SL
2021-07-27,5,DE-SL
2021-07-26,7,DE-SL
2021-07-25,6,DE-SL
2021-07-24,4,DE-SL
2021-07-23,6,DE-SL
2021-07-22,6,DE-SL
2021-07-21,6,DE-SL
2021-07-20,5,DE-SL
2021-07-19,4,DE-SL
2021-07-18,4,DE-SL
2021-07-17,5,DE-SL
2021-07-16,3,DE-SL
2021-07-15,3,DE-SL
2021-07-14,4,DE-SL
2021-07-13,5,DE-SL
2021-07-12,5,DE-SL
2021-07-11,5,DE-SL
2021-07-10,4,DE-SL
2021-07-09,6,DE-SL
2021-07-08,6,DE-SL
2021-07-07,4,DE-SL
2021-07-06,3,DE-SL
2021-07-05,4,DE-SL
2021-07-04,5,DE-SL
2021-07-03,5,DE-SL
2021-07-02,3,DE-SL
2021-07-01,5,DE-SL
2021-06-30,5,DE-SL
2021-06-29,6,DE-SL
2021-06-28,4,DE-SL
2021-06-27,3,DE-SL
2021-06-26,3,DE-SL
2021-06-25,4,DE-SL
2021-06-24,3,DE-SL
2021-06-23,4,DE-SL
2021-06-22,7,DE-SL
2021-06-21,9,DE-SL
2021-06-20,9,DE-SL
2021-06-19,9,DE-SL
2021-06-18,8,DE-SL
2021-06-17,9,DE-SL
2021-06-16,10,DE-SL
2021-06-15,9,DE-SL
2021-06-14,9,DE-SL
2021-06-13,9,DE-SL
2021-06-12,11,DE-SL
2021-06-11,12,DE-SL
2021-06-10,11,DE-SL
2021-06-09,11,DE-SL
2021-06-08,9,DE-SL
2021-06-07,8,DE-SL
2021-06-06,8,DE-SL
2021-06-05,9,DE-SL
2021-06-04,10,DE-SL
2021-06-03,12,DE-SL
2021-06-02,14,DE-SL
2021-06-01,16,DE-SL
2021-05-31,16,DE-SL
2021-05-30,16,DE-SL
2021-05-29,14,DE-SL
2021-05-28,15,DE-SL
2021-05-27,14,DE-SL
2021-05-26,20,DE-SL
2021-05-25,23,DE-SL
2021-05-24,24,DE-SL
2021-05-23,26,DE-SL
2021-05-22,29,DE-SL
2021-05-21,32,DE-SL
2021-05-20,39,DE-SL
2021-05-19,41,DE-SL
2021-05-18,37,DE-SL
2021-05-17,37,DE-SL
2021-05-16,36,DE-SL
2021-05-15,35,DE-SL
2021-05-14,36,DE-SL
2021-05-13,31,DE-SL
2021-05-12,22,DE-SL
2021-05-11,24,DE-SL
2021-05-10,23,DE-SL
2021-05-09,23,DE-SL
2021-05-08,24,DE-SL
2021-05-07,22,DE-SL
2021-05-06,23,DE-SL
2021-05-05,22,DE-SL
2021-05-04,20,DE-SL
2021-05-03,23,DE-SL
2021-05-02,25,DE-SL
2021-05-01,23,DE-SL
2021-04-30,24,DE-SL
2021-04-29,24,DE-SL
2021-04-28,27,DE-SL
2021-04-27,38,DE-SL
2021-04-26,36,DE-SL
2021-04-25,36,DE-SL
2021-04-24,40,DE-SL
2021-04-23,42,DE-SL
2021-04-22,46,DE-SL
2021-04-21,52,DE-SL
2021-04-20,42,DE-SL
2021-04-19,47,DE-SL
2021-04-18,47,DE-SL
2021-04-17,50,DE-SL
2021-04-16,53,DE-SL
2021-04-15,54,DE-SL
2021-04-14,57,DE-SL
2021-04-13,60,DE-SL
2021-04-12,56,DE-SL
2021-04-11,NA,DE-SL
2021-04-10,NA,DE-SL
2021-04-09,NA,DE-SL
2021-04-08,NA,DE-SL
2021-04-07,NA,DE-SL
2021-04-06,NA,DE-SL
2021-12-07,868.4,DE-SN
2021-12-06,846.7,DE-SN
2021-12-05,879.5,DE-SN
2021-12-04,831.4,DE-SN
2021-12-03,679.9,DE-SN
2021-12-02,697.8,DE-SN
2021-12-01,673.6,DE-SN
2021-11-30,716.4,DE-SN
2021-11-29,760.4,DE-SN
2021-11-28,756.6,DE-SN
2021-11-27,773,DE-SN
2021-11-26,793.3,DE-SN
2021-11-25,804.8,DE-SN
2021-11-24,784.5,DE-SN
2021-11-23,765.5,DE-SN
2021-11-22,745.9,DE-SN
2021-11-21,735.1,DE-SN
2021-11-20,730.7,DE-SN
2021-11-19,711.2,DE-SN
2021-11-18,713,DE-SN
2021-11-17,781.6,DE-SN
2021-11-16,791.4,DE-SN
2021-11-15,793.5,DE-SN
2021-11-14,783.7,DE-SN
2021-11-13,781.1,DE-SN
2021-11-12,756.8,DE-SN
2021-11-11,721.2,DE-SN
2021-11-10,691.3,DE-SN
2021-11-09,701.4,DE-SN
2021-11-08,699.5,DE-SN
2021-11-07,697.6,DE-SN
2021-11-06,690.4,DE-SN
2021-11-05,682.5,DE-SN
2021-11-04,668.8,DE-SN
2021-11-03,638.9,DE-SN
2021-11-02,579.6,DE-SN
2021-11-01,547.4,DE-SN
2021-10-31,538.7,DE-SN
2021-10-30,513.3,DE-SN
2021-10-29,513.2,DE-SN
2021-10-28,475,DE-SN
2021-10-27,437,DE-SN
2021-10-26,380,DE-SN
2021-10-25,345,DE-SN
2021-10-24,338,DE-SN
2021-10-23,322,DE-SN
2021-10-22,274,DE-SN
2021-10-21,234,DE-SN
2021-10-20,216,DE-SN
2021-10-19,206,DE-SN
2021-10-18,199,DE-SN
2021-10-17,195,DE-SN
2021-10-16,197,DE-SN
2021-10-15,194,DE-SN
2021-10-14,192,DE-SN
2021-10-13,190,DE-SN
2021-10-12,185,DE-SN
2021-10-11,153,DE-SN
2021-10-10,148,DE-SN
2021-10-09,142,DE-SN
2021-10-08,135,DE-SN
2021-10-07,128,DE-SN
2021-10-06,113,DE-SN
2021-10-05,106,DE-SN
2021-10-04,100,DE-SN
2021-10-03,101,DE-SN
2021-10-02,97,DE-SN
2021-10-01,90,DE-SN
2021-09-30,80,DE-SN
2021-09-29,75,DE-SN
2021-09-28,65,DE-SN
2021-09-27,75,DE-SN
2021-09-26,73,DE-SN
2021-09-25,76,DE-SN
2021-09-24,84,DE-SN
2021-09-23,86,DE-SN
2021-09-22,87,DE-SN
2021-09-21,95,DE-SN
2021-09-20,85,DE-SN
2021-09-19,85,DE-SN
2021-09-18,79,DE-SN
2021-09-17,76,DE-SN
2021-09-16,74,DE-SN
2021-09-15,73,DE-SN
2021-09-14,62,DE-SN
2021-09-13,66,DE-SN
2021-09-12,66,DE-SN
2021-09-11,67,DE-SN
2021-09-10,64,DE-SN
2021-09-09,62,DE-SN
2021-09-08,60,DE-SN
2021-09-07,57,DE-SN
2021-09-06,56,DE-SN
2021-09-05,53,DE-SN
2021-09-04,49,DE-SN
2021-09-03,43,DE-SN
2021-09-02,45,DE-SN
2021-09-01,40,DE-SN
2021-08-31,45,DE-SN
2021-08-30,39,DE-SN
2021-08-29,40,DE-SN
2021-08-28,47,DE-SN
2021-08-27,46,DE-SN
2021-08-26,43,DE-SN
2021-08-25,48,DE-SN
2021-08-24,45,DE-SN
2021-08-23,44,DE-SN
2021-08-22,44,DE-SN
2021-08-21,37,DE-SN
2021-08-20,38,DE-SN
2021-08-19,41,DE-SN
2021-08-18,36,DE-SN
2021-08-17,31,DE-SN
2021-08-16,29,DE-SN
2021-08-15,29,DE-SN
2021-08-14,31,DE-SN
2021-08-13,29,DE-SN
2021-08-12,25,DE-SN
2021-08-11,21,DE-SN
2021-08-10,21,DE-SN
2021-08-09,26,DE-SN
2021-08-08,25,DE-SN
2021-08-07,21,DE-SN
2021-08-06,20,DE-SN
2021-08-05,21,DE-SN
2021-08-04,22,DE-SN
2021-08-03,20,DE-SN
2021-08-02,14,DE-SN
2021-08-01,15,DE-SN
2021-07-31,15,DE-SN
2021-07-30,16,DE-SN
2021-07-29,12,DE-SN
2021-07-28,11,DE-SN
2021-07-27,11,DE-SN
2021-07-26,13,DE-SN
2021-07-25,12,DE-SN
2021-07-24,14,DE-SN
2021-07-23,12,DE-SN
2021-07-22,12,DE-SN
2021-07-21,12,DE-SN
2021-07-20,13,DE-SN
2021-07-19,16,DE-SN
2021-07-18,16,DE-SN
2021-07-17,16,DE-SN
2021-07-16,14,DE-SN
2021-07-15,15,DE-SN
2021-07-14,16,DE-SN
2021-07-13,14,DE-SN
2021-07-12,12,DE-SN
2021-07-11,12,DE-SN
2021-07-10,10,DE-SN
2021-07-09,11,DE-SN
2021-07-08,11,DE-SN
2021-07-07,9,DE-SN
2021-07-06,7,DE-SN
2021-07-05,4,DE-SN
2021-07-04,5,DE-SN
2021-07-03,6,DE-SN
2021-07-02,7,DE-SN
2021-07-01,8,DE-SN
2021-06-30,11,DE-SN
2021-06-29,16,DE-SN
2021-06-28,21,DE-SN
2021-06-27,20,DE-SN
2021-06-26,20,DE-SN
2021-06-25,21,DE-SN
2021-06-24,22,DE-SN
2021-06-23,21,DE-SN
2021-06-22,23,DE-SN
2021-06-21,26,DE-SN
2021-06-20,28,DE-SN
2021-06-19,28,DE-SN
2021-06-18,31,DE-SN
2021-06-17,33,DE-SN
2021-06-16,41,DE-SN
2021-06-15,41,DE-SN
2021-06-14,42,DE-SN
2021-06-13,43,DE-SN
2021-06-12,50,DE-SN
2021-06-11,49,DE-SN
2021-06-10,52,DE-SN
2021-06-09,56,DE-SN
2021-06-08,66,DE-SN
2021-06-07,83,DE-SN
2021-06-06,83,DE-SN
2021-06-05,86,DE-SN
2021-06-04,96,DE-SN
2021-06-03,106,DE-SN
2021-06-02,123,DE-SN
2021-06-01,154,DE-SN
2021-05-31,137,DE-SN
2021-05-30,146,DE-SN
2021-05-29,151,DE-SN
2021-05-28,176,DE-SN
2021-05-27,185,DE-SN
2021-05-26,202,DE-SN
2021-05-25,203,DE-SN
2021-05-24,247,DE-SN
2021-05-23,260,DE-SN
2021-05-22,277,DE-SN
2021-05-21,279,DE-SN
2021-05-20,293,DE-SN
2021-05-19,321,DE-SN
2021-05-18,330,DE-SN
2021-05-17,337,DE-SN
2021-05-16,339,DE-SN
2021-05-15,350,DE-SN
2021-05-14,370,DE-SN
2021-05-13,384,DE-SN
2021-05-12,395,DE-SN
2021-05-11,416,DE-SN
2021-05-10,444,DE-SN
2021-05-09,453,DE-SN
2021-05-08,465,DE-SN
2021-05-07,472,DE-SN
2021-05-06,485,DE-SN
2021-05-05,467,DE-SN
2021-05-04,479,DE-SN
2021-05-03,469,DE-SN
2021-05-02,473,DE-SN
2021-05-01,472,DE-SN
2021-04-30,488,DE-SN
2021-04-29,498,DE-SN
2021-04-28,510,DE-SN
2021-04-27,533,DE-SN
2021-04-26,550,DE-SN
2021-04-25,549,DE-SN
2021-04-24,548,DE-SN
2021-04-23,540,DE-SN
2021-04-22,541,DE-SN
2021-04-21,579,DE-SN
2021-04-20,578,DE-SN
2021-04-19,578,DE-SN
2021-04-18,594,DE-SN
2021-04-17,593,DE-SN
2021-04-16,612,DE-SN
2021-04-15,647,DE-SN
2021-04-14,658,DE-SN
2021-04-13,633,DE-SN
2021-04-12,602,DE-SN
2021-04-11,NA,DE-SN
2021-04-10,NA,DE-SN
2021-04-09,NA,DE-SN
2021-04-08,NA,DE-SN
2021-04-07,NA,DE-SN
2021-04-06,NA,DE-SN
2021-12-07,325.8,DE-ST
2021-12-06,323.9,DE-ST
2021-12-05,281.4,DE-ST
2021-12-04,293.1,DE-ST
2021-12-03,319.5,DE-ST
2021-12-02,347.5,DE-ST
2021-12-01,380.1,DE-ST
2021-11-30,422.7,DE-ST
2021-11-29,443,DE-ST
2021-11-28,444.4,DE-ST
2021-11-27,443.8,DE-ST
2021-11-26,458.2,DE-ST
2021-11-25,462.9,DE-ST
2021-11-24,465.8,DE-ST
2021-11-23,427.5,DE-ST
2021-11-22,426.4,DE-ST
2021-11-21,422.6,DE-ST
2021-11-20,417.6,DE-ST
2021-11-19,395.4,DE-ST
2021-11-18,388.1,DE-ST
2021-11-17,360.2,DE-ST
2021-11-16,338.1,DE-ST
2021-11-15,324.7,DE-ST
2021-11-14,321,DE-ST
2021-11-13,292.8,DE-ST
2021-11-12,268.7,DE-ST
2021-11-11,247.4,DE-ST
2021-11-10,237.6,DE-ST
2021-11-09,233.9,DE-ST
2021-11-08,217.5,DE-ST
2021-11-07,211.2,DE-ST
2021-11-06,202.9,DE-ST
2021-11-05,210.6,DE-ST
2021-11-04,204.3,DE-ST
2021-11-03,197.9,DE-ST
2021-11-02,172.6,DE-ST
2021-11-01,155.5,DE-ST
2021-10-31,157.4,DE-ST
2021-10-30,161.4,DE-ST
2021-10-29,134.1,DE-ST
2021-10-28,128,DE-ST
2021-10-27,107,DE-ST
2021-10-26,100,DE-ST
2021-10-25,102,DE-ST
2021-10-24,101,DE-ST
2021-10-23,91,DE-ST
2021-10-22,92,DE-ST
2021-10-21,80,DE-ST
2021-10-20,76,DE-ST
2021-10-19,71,DE-ST
2021-10-18,71,DE-ST
2021-10-17,68,DE-ST
2021-10-16,74,DE-ST
2021-10-15,73,DE-ST
2021-10-14,75,DE-ST
2021-10-13,82,DE-ST
2021-10-12,77,DE-ST
2021-10-11,71,DE-ST
2021-10-10,70,DE-ST
2021-10-09,65,DE-ST
2021-10-08,55,DE-ST
2021-10-07,52,DE-ST
2021-10-06,46,DE-ST
2021-10-05,49,DE-ST
2021-10-04,54,DE-ST
2021-10-03,51,DE-ST
2021-10-02,52,DE-ST
2021-10-01,56,DE-ST
2021-09-30,56,DE-ST
2021-09-29,59,DE-ST
2021-09-28,51,DE-ST
2021-09-27,48,DE-ST
2021-09-26,48,DE-ST
2021-09-25,48,DE-ST
2021-09-24,43,DE-ST
2021-09-23,38,DE-ST
2021-09-22,42,DE-ST
2021-09-21,40,DE-ST
2021-09-20,35,DE-ST
2021-09-19,35,DE-ST
2021-09-18,32,DE-ST
2021-09-17,32,DE-ST
2021-09-16,35,DE-ST
2021-09-15,26,DE-ST
2021-09-14,31,DE-ST
2021-09-13,31,DE-ST
2021-09-12,31,DE-ST
2021-09-11,34,DE-ST
2021-09-10,33,DE-ST
2021-09-09,27,DE-ST
2021-09-08,25,DE-ST
2021-09-07,20,DE-ST
2021-09-06,18,DE-ST
2021-09-05,17,DE-ST
2021-09-04,17,DE-ST
2021-09-03,15,DE-ST
2021-09-02,19,DE-ST
2021-09-01,22,DE-ST
2021-08-31,26,DE-ST
2021-08-30,25,DE-ST
2021-08-29,27,DE-ST
2021-08-28,26,DE-ST
2021-08-27,26,DE-ST
2021-08-26,23,DE-ST
2021-08-25,20,DE-ST
2021-08-24,17,DE-ST
2021-08-23,17,DE-ST
2021-08-22,16,DE-ST
2021-08-21,15,DE-ST
2021-08-20,15,DE-ST
2021-08-19,15,DE-ST
2021-08-18,15,DE-ST
2021-08-17,12,DE-ST
2021-08-16,14,DE-ST
2021-08-15,13,DE-ST
2021-08-14,11,DE-ST
2021-08-13,10,DE-ST
2021-08-12,10,DE-ST
2021-08-11,8,DE-ST
2021-08-10,11,DE-ST
2021-08-09,10,DE-ST
2021-08-08,11,DE-ST
2021-08-07,11,DE-ST
2021-08-06,14,DE-ST
2021-08-05,12,DE-ST
2021-08-04,15,DE-ST
2021-08-03,13,DE-ST
2021-08-02,12,DE-ST
2021-08-01,11,DE-ST
2021-07-31,11,DE-ST
2021-07-30,9,DE-ST
2021-07-29,10,DE-ST
2021-07-28,7,DE-ST
2021-07-27,5,DE-ST
2021-07-26,4,DE-ST
2021-07-25,4,DE-ST
2021-07-24,5,DE-ST
2021-07-23,3,DE-ST
2021-07-22,2,DE-ST
2021-07-21,3,DE-ST
2021-07-20,3,DE-ST
2021-07-19,3,DE-ST
2021-07-18,3,DE-ST
2021-07-17,3,DE-ST
2021-07-16,3,DE-ST
2021-07-15,3,DE-ST
2021-07-14,2,DE-ST
2021-07-13,1,DE-ST
2021-07-12,2,DE-ST
2021-07-11,2,DE-ST
2021-07-10,1,DE-ST
2021-07-09,1,DE-ST
2021-07-08,1,DE-ST
2021-07-07,2,DE-ST
2021-07-06,2,DE-ST
2021-07-05,4,DE-ST
2021-07-04,4,DE-ST
2021-07-03,4,DE-ST
2021-07-02,4,DE-ST
2021-07-01,4,DE-ST
2021-06-30,3,DE-ST
2021-06-29,3,DE-ST
2021-06-28,0,DE-ST
2021-06-27,0,DE-ST
2021-06-26,2,DE-ST
2021-06-25,3,DE-ST
2021-06-24,5,DE-ST
2021-06-23,8,DE-ST
2021-06-22,8,DE-ST
2021-06-21,9,DE-ST
2021-06-20,10,DE-ST
2021-06-19,11,DE-ST
2021-06-18,14,DE-ST
2021-06-17,15,DE-ST
2021-06-16,15,DE-ST
2021-06-15,20,DE-ST
2021-06-14,21,DE-ST
2021-06-13,23,DE-ST
2021-06-12,23,DE-ST
2021-06-11,22,DE-ST
2021-06-10,23,DE-ST
2021-06-09,27,DE-ST
2021-06-08,31,DE-ST
2021-06-07,34,DE-ST
2021-06-06,35,DE-ST
2021-06-05,45,DE-ST
2021-06-04,49,DE-ST
2021-06-03,59,DE-ST
2021-06-02,58,DE-ST
2021-06-01,60,DE-ST
2021-05-31,59,DE-ST
2021-05-30,58,DE-ST
2021-05-29,48,DE-ST
2021-05-28,52,DE-ST
2021-05-27,53,DE-ST
2021-05-26,74,DE-ST
2021-05-25,74,DE-ST
2021-05-24,82,DE-ST
2021-05-23,93,DE-ST
2021-05-22,105,DE-ST
2021-05-21,124,DE-ST
2021-05-20,129,DE-ST
2021-05-19,117,DE-ST
2021-05-18,144,DE-ST
2021-05-17,151,DE-ST
2021-05-16,144,DE-ST
2021-05-15,145,DE-ST
2021-05-14,149,DE-ST
2021-05-13,161,DE-ST
2021-05-12,169,DE-ST
2021-05-11,162,DE-ST
2021-05-10,165,DE-ST
2021-05-09,175,DE-ST
2021-05-08,196,DE-ST
2021-05-07,200,DE-ST
2021-05-06,201,DE-ST
2021-05-05,214,DE-ST
2021-05-04,235,DE-ST
2021-05-03,238,DE-ST
2021-05-02,247,DE-ST
2021-05-01,244,DE-ST
2021-04-30,269,DE-ST
2021-04-29,292,DE-ST
2021-04-28,303,DE-ST
2021-04-27,296,DE-ST
2021-04-26,298,DE-ST
2021-04-25,296,DE-ST
2021-04-24,286,DE-ST
2021-04-23,278,DE-ST
2021-04-22,271,DE-ST
2021-04-21,272,DE-ST
2021-04-20,278,DE-ST
2021-04-19,284,DE-ST
2021-04-18,279,DE-ST
2021-04-17,282,DE-ST
2021-04-16,296,DE-ST
2021-04-15,293,DE-ST
2021-04-14,290,DE-ST
2021-04-13,293,DE-ST
2021-04-12,283,DE-ST
2021-04-11,NA,DE-ST
2021-04-10,NA,DE-ST
2021-04-09,NA,DE-ST
2021-04-08,NA,DE-ST
2021-04-07,NA,DE-ST
2021-04-06,NA,DE-ST
2021-12-07,780.6,DE-TH
2021-12-06,804.8,DE-TH
2021-12-05,801.2,DE-TH
2021-12-04,801.8,DE-TH
2021-12-03,810.6,DE-TH
2021-12-02,769.3,DE-TH
2021-12-01,812.6,DE-TH
2021-11-30,810.4,DE-TH
2021-11-29,783.3,DE-TH
2021-11-28,798.9,DE-TH
2021-11-27,783.8,DE-TH
2021-11-26,754.4,DE-TH
2021-11-25,742.9,DE-TH
2021-11-24,694.2,DE-TH
2021-11-23,694.7,DE-TH
2021-11-22,678.2,DE-TH
2021-11-21,658.4,DE-TH
2021-11-20,653.8,DE-TH
2021-11-19,659,DE-TH
2021-11-18,664.8,DE-TH
2021-11-17,645.6,DE-TH
2021-11-16,610.9,DE-TH
2021-11-15,601.4,DE-TH
2021-11-14,607.7,DE-TH
2021-11-13,600.8,DE-TH
2021-11-12,577.5,DE-TH
2021-11-11,549.1,DE-TH
2021-11-10,546.3,DE-TH
2021-11-09,555.8,DE-TH
2021-11-08,517.4,DE-TH
2021-11-07,501,DE-TH
2021-11-06,489.7,DE-TH
2021-11-05,478.3,DE-TH
2021-11-04,450.8,DE-TH
2021-11-03,426.2,DE-TH
2021-11-02,372.8,DE-TH
2021-11-01,361.7,DE-TH
2021-10-31,342.5,DE-TH
2021-10-30,341.4,DE-TH
2021-10-29,342.2,DE-TH
2021-10-28,319,DE-TH
2021-10-27,290,DE-TH
2021-10-26,295,DE-TH
2021-10-25,286,DE-TH
2021-10-24,292,DE-TH
2021-10-23,273,DE-TH
2021-10-22,241,DE-TH
2021-10-21,214,DE-TH
2021-10-20,195,DE-TH
2021-10-19,172,DE-TH
2021-10-18,143,DE-TH
2021-10-17,126,DE-TH
2021-10-16,122,DE-TH
2021-10-15,124,DE-TH
2021-10-14,133,DE-TH
2021-10-13,128,DE-TH
2021-10-12,119,DE-TH
2021-10-11,125,DE-TH
2021-10-10,129,DE-TH
2021-10-09,121,DE-TH
2021-10-08,104,DE-TH
2021-10-07,91,DE-TH
2021-10-06,95,DE-TH
2021-10-05,94,DE-TH
2021-10-04,94,DE-TH
2021-10-03,90,DE-TH
2021-10-02,97,DE-TH
2021-10-01,98,DE-TH
2021-09-30,100,DE-TH
2021-09-29,90,DE-TH
2021-09-28,81,DE-TH
2021-09-27,62,DE-TH
2021-09-26,60,DE-TH
2021-09-25,55,DE-TH
2021-09-24,55,DE-TH
2021-09-23,63,DE-TH
2021-09-22,53,DE-TH
2021-09-21,59,DE-TH
2021-09-20,59,DE-TH
2021-09-19,58,DE-TH
2021-09-18,57,DE-TH
2021-09-17,53,DE-TH
2021-09-16,43,DE-TH
2021-09-15,46,DE-TH
2021-09-14,37,DE-TH
2021-09-13,42,DE-TH
2021-09-12,44,DE-TH
2021-09-11,44,DE-TH
2021-09-10,50,DE-TH
2021-09-09,51,DE-TH
2021-09-08,56,DE-TH
2021-09-07,55,DE-TH
2021-09-06,56,DE-TH
2021-09-05,53,DE-TH
2021-09-04,53,DE-TH
2021-09-03,46,DE-TH
2021-09-02,47,DE-TH
2021-09-01,40,DE-TH
2021-08-31,38,DE-TH
2021-08-30,30,DE-TH
2021-08-29,31,DE-TH
2021-08-28,29,DE-TH
2021-08-27,29,DE-TH
2021-08-26,20,DE-TH
2021-08-25,17,DE-TH
2021-08-24,18,DE-TH
2021-08-23,21,DE-TH
2021-08-22,21,DE-TH
2021-08-21,20,DE-TH
2021-08-20,19,DE-TH
2021-08-19,18,DE-TH
2021-08-18,18,DE-TH
2021-08-17,16,DE-TH
2021-08-16,13,DE-TH
2021-08-15,16,DE-TH
2021-08-14,17,DE-TH
2021-08-13,17,DE-TH
2021-08-12,18,DE-TH
2021-08-11,15,DE-TH
2021-08-10,13,DE-TH
2021-08-09,13,DE-TH
2021-08-08,9,DE-TH
2021-08-07,7,DE-TH
2021-08-06,4,DE-TH
2021-08-05,4,DE-TH
2021-08-04,6,DE-TH
2021-08-03,5,DE-TH
2021-08-02,5,DE-TH
2021-08-01,5,DE-TH
2021-07-31,5,DE-TH
2021-07-30,8,DE-TH
2021-07-29,11,DE-TH
2021-07-28,12,DE-TH
2021-07-27,14,DE-TH
2021-07-26,19,DE-TH
2021-07-25,19,DE-TH
2021-07-24,19,DE-TH
2021-07-23,18,DE-TH
2021-07-22,14,DE-TH
2021-07-21,13,DE-TH
2021-07-20,12,DE-TH
2021-07-19,8,DE-TH
2021-07-18,8,DE-TH
2021-07-17,8,DE-TH
2021-07-16,7,DE-TH
2021-07-15,10,DE-TH
2021-07-14,9,DE-TH
2021-07-13,8,DE-TH
2021-07-12,7,DE-TH
2021-07-11,7,DE-TH
2021-07-10,7,DE-TH
2021-07-09,7,DE-TH
2021-07-08,8,DE-TH
2021-07-07,9,DE-TH
2021-07-06,12,DE-TH
2021-07-05,12,DE-TH
2021-07-04,12,DE-TH
2021-07-03,14,DE-TH
2021-07-02,14,DE-TH
2021-07-01,10,DE-TH
2021-06-30,11,DE-TH
2021-06-29,13,DE-TH
2021-06-28,15,DE-TH
2021-06-27,15,DE-TH
2021-06-26,19,DE-TH
2021-06-25,21,DE-TH
2021-06-24,21,DE-TH
2021-06-23,26,DE-TH
2021-06-22,26,DE-TH
2021-06-21,26,DE-TH
2021-06-20,26,DE-TH
2021-06-19,22,DE-TH
2021-06-18,24,DE-TH
2021-06-17,28,DE-TH
2021-06-16,25,DE-TH
2021-06-15,31,DE-TH
2021-06-14,40,DE-TH
2021-06-13,42,DE-TH
2021-06-12,44,DE-TH
2021-06-11,47,DE-TH
2021-06-10,47,DE-TH
2021-06-09,51,DE-TH
2021-06-08,56,DE-TH
2021-06-07,55,DE-TH
2021-06-06,59,DE-TH
2021-06-05,65,DE-TH
2021-06-04,66,DE-TH
2021-06-03,76,DE-TH
2021-06-02,87,DE-TH
2021-06-01,91,DE-TH
2021-05-31,89,DE-TH
2021-05-30,87,DE-TH
2021-05-29,91,DE-TH
2021-05-28,98,DE-TH
2021-05-27,100,DE-TH
2021-05-26,120,DE-TH
2021-05-25,133,DE-TH
2021-05-24,157,DE-TH
2021-05-23,159,DE-TH
2021-05-22,173,DE-TH
2021-05-21,176,DE-TH
2021-05-20,178,DE-TH
2021-05-19,176,DE-TH
2021-05-18,187,DE-TH
2021-05-17,192,DE-TH
2021-05-16,206,DE-TH
2021-05-15,199,DE-TH
2021-05-14,228,DE-TH
2021-05-13,252,DE-TH
2021-05-12,263,DE-TH
2021-05-11,264,DE-TH
2021-05-10,274,DE-TH
2021-05-09,271,DE-TH
2021-05-08,283,DE-TH
2021-05-07,280,DE-TH
2021-05-06,304,DE-TH
2021-05-05,299,DE-TH
2021-05-04,304,DE-TH
2021-05-03,292,DE-TH
2021-05-02,291,DE-TH
2021-05-01,290,DE-TH
2021-04-30,296,DE-TH
2021-04-29,282,DE-TH
2021-04-28,302,DE-TH
2021-04-27,308,DE-TH
2021-04-26,327,DE-TH
2021-04-25,334,DE-TH
2021-04-24,331,DE-TH
2021-04-23,335,DE-TH
2021-04-22,345,DE-TH
2021-04-21,355,DE-TH
2021-04-20,361,DE-TH
2021-04-19,377,DE-TH
2021-04-18,382,DE-TH
2021-04-17,385,DE-TH
2021-04-16,397,DE-TH
2021-04-15,403,DE-TH
2021-04-14,417,DE-TH
2021-04-13,416,DE-TH
2021-04-12,387,DE-TH
2021-04-11,NA,DE-TH
2021-04-10,NA,DE-TH
2021-04-09,NA,DE-TH
2021-04-08,NA,DE-TH
2021-04-07,NA,DE-TH
2021-04-06,NA,DE-TH
