"";"date";"age60";"reported";"nowcast_est";"nowcast_0.025";"nowcast_0.1";"nowcast_0.25";"nowcast_0.5";"nowcast_0.75";"nowcast_0.8";"nowcast_0.85";"nowcast_0.9";"nowcast_0.95";"nowcast_0.975";"reported7";"nowcast7_est";"nowcast7_0.025";"nowcast7_0.1";"nowcast7_0.25";"nowcast7_0.5";"nowcast7_0.75";"nowcast7_0.8";"nowcast7_0.85";"nowcast7_0.9";"nowcast7_0.95";"nowcast7_0.975";"F_est";"F_0.025";"F_0.1";"F_0.25";"F_0.5";"F_0.75";"F_0.8";"F_0.85";"F_0.9";"F_0.95";"F_0.975"
"1";"2021-12-03";"0-60";0;0;0;0;0;0;0;0;0;0;0;0;17;46,3;31;36;41;48;56;59;62;66;73;78,3;0,0290420001756974;0,0748870149084747;0,0550661721668659;0,0404754018960731;0,0283179599022998;0,019204155042552;0,0172134950834101;0,015296838132254;0,0129902552540944;0,0100772104962254;0,00782211959114294
"2";"2021-12-03";"60+";0;0;0;0;0;0;0;0;0;0;0;0;14;60,3;36;43;51;62;76;80;85;92;105;112,6;0,0218219592648207;0,0611045374124665;0,0437645372471287;0,0315759677657829;0,0214920448486062;0,014219926498589;0,0127506517540996;0,0112222832414307;0,00939995841423081;0,00715657635852332;0,00581574902964594
"3";"2021-12-03";"alle";0;0;0;0;0;0;0;0;0;0;0;0;31;106,6;72;82;93;110;131;137;145;155;174;186,6;NA;NA;NA;NA;NA;NA;NA;NA;NA;NA;NA
"4";"2021-12-02";"0-60";3;21,5;10;13;17;22;29;31;33;37;43;49;18;47,8;33;38;42,8;49;58;60;63;67;75;80,4;0,13972206471991;0,243142349843068;0,204175998721721;0,170284264444129;0,137180774271818;0,107618187984788;0,100907402543073;0,0936081987938623;0,0845700449181997;0,0727660573030116;0,0638241273647866
"5";"2021-12-02";"60+";4;36,5;17;22;29;37;49;52;57;63;74;86;17;65,3;41;48;56;67;81;85;91;98;111;119;0,109663308014959;0,205163905619237;0,16742311748186;0,137756752792885;0,108245447418779;0,0829859074985762;0,0776003735756204;0,0716568554693673;0,0647285022083372;0,0546755647679144;0,047403819461817
"6";"2021-12-02";"alle";7;57,9;30;37;46;59;77;82;89;98;114;130;35;113,1;78;88;100;116;137;144;152;162;182;195,2;NA;NA;NA;NA;NA;NA;NA;NA;NA;NA;NA
"7";"2021-12-01";"0-60";1;2,7;1;1;2;3;4;4;4;5;6;6;18;30,4;24;26;28;31;35;36;37;38;40;42,9;0,371998490545713;0,507243553980543;0,459436519329221;0,415776793944824;0,368194001357477;0,319566559605097;0,307536008732951;0,29495839096374;0,279189007995718;0,253803100650479;0,232061138840753
"8";"2021-12-01";"60+";3;9,5;5;6;7;9;12;13;13;15;17;18;22;41,9;32;35;38;42;47;48,2;50;52;56;59;0,317443769418438;0,455291386156079;0,408309576604893;0,362476337731355;0,316104546547762;0,269666469030797;0,258292491621429;0,244900298420833;0,229742196066016;0,207133325071435;0,18657466836386
"9";"2021-12-01";"alle";4;12,1;6;8;10;12;15;16;17;18;21;23;40;72,3;58;63;68;74;81;82;85;88;93;97;NA;NA;NA;NA;NA;NA;NA;NA;NA;NA;NA
"10";"2021-11-30";"0-60";1;2,2;1;1;1;2;3;3;3;4;4;5;23;35,1;28;31;33;36;39;40;41;43;45;47;0,462307161273613;0,592949400977706;0,547880003468587;0,504965856269603;0,45439599006068;0,404182893396008;0,390145344031716;0,376349441402882;0,358666671769612;0,331514006344772;0,307945888176111
"11";"2021-11-30";"60+";2;5;2;3;4;5;6;7;7;8;9;10;25;40;32;35;37;40;44;45;46;48;50;53;0,403409104038023;0,542707486686408;0,496539690478292;0,451055526066341;0,400168638797304;0,349422225118786;0,336593523140573;0,32265041759844;0,30464274619799;0,279093404278879;0,257746215651269
"12";"2021-11-30";"alle";3;7,1;4;4;6;7;9;9;10;11;12;13;48;75,1;63;67;71;76;82;84;85;88;92;95;NA;NA;NA;NA;NA;NA;NA;NA;NA;NA;NA
"13";"2021-11-29";"0-60";2;3,3;2;2;2;3;4;4;5;5;6;6;26;37,8;31;33;36;38;42;43;44;45;47;50;0,614418630580613;0,715665839474401;0,680041839146291;0,647427671360025;0,606897596891106;0,563550726759971;0,551825938840719;0,538777290114495;0,52108421076729;0,492879373164818;0,46892825328503
"14";"2021-11-29";"60+";0;0;0;0;0;0;0;0;0;0;0;0;26;38,9;32;34;36;39;42;43;44;46;48;50;0,561487333375113;0,674377901356555;0,638559068048877;0,601865439462334;0,557986811283581;0,513098695411999;0,5019371195738;0,488627445123996;0,469861567145285;0,444353478585716;0,41920027236787
"15";"2021-11-29";"alle";2;3,3;2;2;2;3;4;4;5;5;6;6;52;76,7;66;70;73;78;83;84;86;88;92;95;NA;NA;NA;NA;NA;NA;NA;NA;NA;NA;NA
"16";"2021-11-28";"0-60";2;3,7;2;2;3;4;5;5;5;6;7;7;44;58;51;53;56;59;62;64;65;66;69;71;0,539431643593806;0,659796625362672;0,61643723502037;0,576755997367198;0,52868478971857;0,477480808128007;0,463802618078372;0,448069651765956;0,429417293274756;0,398161285067805;0,367991545503116
"17";"2021-11-28";"60+";2;4,1;2;2;3;4;5;6;6;6;7;8;30;43,7;36;39;41;44;47;48;49;51;53;55;0,483073589348634;0,610702398123105;0,568286799409106;0,526773895564737;0,479801011647459;0,43164884614143;0,419297370915411;0,403906217256045;0,384416868695594;0,35788619853868;0,332035596187922
"18";"2021-11-28";"alle";4;7,8;4;5;6;8;10;10;11;11;12;14;74;101,7;90;94;98;103;109;110;112;114;118;121;NA;NA;NA;NA;NA;NA;NA;NA;NA;NA;NA
"19";"2021-11-27";"0-60";8;13;9;10;11;13;15;16;16;17;19;20;44;56,8;50;52;55;58;61;62;63;65;67;69;0,616165929314191;0,714374223740668;0,679211019169763;0,645360729092918;0,605677485389687;0,560919316890328;0,549656371927759;0,535108459091373;0,517575280665682;0,490404487568259;0,466104785118069
"20";"2021-11-27";"60+";3;5,3;3;3;4;5;6;7;7;8;8;9;35;48,7;41;44;46;49;52;53;54;55;58;59;0,565273416367775;0,671047894047453;0,635571011404972;0,601440113525907;0,56170318223948;0,519632444626891;0,508343053274487;0,495754172285287;0,480500333236121;0,454657805253057;0,43500216244097
"21";"2021-11-27";"alle";11;18,3;13;15;16;19;21;22;22;24;25;27;79;105,4;95;98;102;107;112;113;115;117;121;124;NA;NA;NA;NA;NA;NA;NA;NA;NA;NA;NA
"22";"2021-11-26";"0-60";1;1,5;1;1;1;1;2;2;2;3;3;4;41;49,8;44;46;48;50;53;54;55;56;58;59;0,649400833989317;0,741597932629556;0,708144663809493;0,676026358925431;0,638333506691266;0,596607182087901;0,585275851001203;0,571959174572669;0,554409594718857;0,528402649699493;0,504784866176272
"23";"2021-11-26";"60+";3;5;3;3;4;5;6;6;7;7;8;9;44;58,3;51;53;56;59;62;63;64;65;67;69;0,600997994191639;0,69980195927317;0,665735177887515;0,635009226413945;0,597745817428923;0,556303416273207;0,545275542848181;0,533558370273197;0,518871134564784;0,494949905728105;0,474454972966304
"24";"2021-11-26";"alle";4;6,5;4;5;5;6;8;8;8;9;10;11;85;108,2;98;102;105;109;114;115;117;119;122;124;NA;NA;NA;NA;NA;NA;NA;NA;NA;NA;NA
"25";"2021-11-25";"0-60";3;4,1;3;3;3;4;5;5;5;6;6;7;47;56,6;51;53;55;57;60;61;62;63;65;67;0,73417872906857;0,806402372275802;0,78239183762022;0,757841869292021;0,727033368527853;0,692363522819147;0,683544429710673;0,673056260080709;0,659108803952659;0,638230014338946;0,619919993605924
"26";"2021-11-25";"60+";9;13;10;11;12;13;15;15;16;16;17;18;49;63,2;56;58;61;64;67;68;69;70;72;74;0,691888519555244;0,772924149067191;0,746024615317038;0,720146574651778;0,687520663834067;0,6542268630523;0,645473702963107;0,63530049111975;0,621937766769876;0,600179515320399;0,583836397057922
"27";"2021-11-25";"alle";12;17,1;13;14;16;17;19;19;20;21;22;23;96;119,8;110;113;117;121;126;127;129;131;134;136;NA;NA;NA;NA;NA;NA;NA;NA;NA;NA;NA
"28";"2021-11-24";"0-60";6;7,4;6;6;7;7;8;8;9;9;10;10;52;61,6;56;58;60;62;65;66;67;68;70;72;0,816080174808639;0,871150343108044;0,853055731212919;0,83398444070213;0,810769984505057;0,783603758881273;0,776348724781996;0,767384833243499;0,755801651798101;0,738258172061578;0,721604768674078
"29";"2021-11-24";"60+";6;7,6;6;6;7;7;8;9;9;10;10;11;52;64,2;57;60;62;64;67;68;69;70;72;74;0,785667479847141;0,847943156750654;0,827632093164691;0,807987652834866;0,783021828216916;0,755554878390462;0,748322285601206;0,740218369964164;0,728459822049047;0,711534100656763;0,692849378337377
"30";"2021-11-24";"alle";12;15;12;13;14;15;16;17;17;18;19;19;104;125,8;116;120;123;127;131;133;134;136;139;141;NA;NA;NA;NA;NA;NA;NA;NA;NA;NA;NA
"31";"2021-11-23";"0-60";4;4,9;4;4;4;5;6;6;6;6;7;8;49;57,5;52;54;56;58;61;61;62;64;66;67;0,813035892857329;0,871472600505914;0,851681488308435;0,831236437414967;0,804185522344361;0,773780198196243;0,766091616849481;0,756528878958728;0,742685761116853;0,722986072432863;0,700231977723519
"32";"2021-11-23";"60+";3;3,8;3;3;3;4;4;5;5;5;6;6;54;65,4;59;61;63;66;68;69;70;71;73;75;0,785343479141024;0,849862663731719;0,829935743963015;0,809089540835169;0,781896925618286;0,752056676069585;0,744495768539691;0,735035516619726;0,723457097052645;0,705368588055172;0,688599350654596
"33";"2021-11-23";"alle";7;8,7;7;7;8;9;10;10;10;11;11;12;103;122,9;114;117;120;124;128;129;131;132;135;137;NA;NA;NA;NA;NA;NA;NA;NA;NA;NA;NA
"34";"2021-11-22";"0-60";20;23,4;20;21;22;23;25;25;26;27;28;29;53;61,3;56;58;60;62;64;65;66;67;69;71;0,855212775510385;0,900735860109681;0,885838421956314;0,868786137766594;0,848021314215745;0,822879702088217;0,816476393175092;0,808089685161251;0,79663792237368;0,776017297897311;0,757455143706333
"35";"2021-11-22";"60+";4;4,8;4;4;4;5;5;6;6;6;7;7;60;71,4;65;67;69;72;75;75;76;77;79;81;0,83362096870116;0,883574588304183;0,867626268972723;0,851499463061887;0,830844910631782;0,80765792813087;0,801366725347727;0,794419024151249;0,784673528958887;0,769537291273015;0,756094305455035
"36";"2021-11-22";"alle";24;28,2;25;26;27;28;30;31;31;32;33;34;113;132,7;124;127;130;134;138;139;141;142;145;147;NA;NA;NA;NA;NA;NA;NA;NA;NA;NA;NA
"37";"2021-11-21";"0-60";2;2,5;2;2;2;2;3;3;3;4;4;4;35;40;36;37;39;40;42;43;43;44;46;47;0,796869971747756;0,859864602956713;0,838147907129902;0,815506582720771;0,784833680736646;0,750870716945812;0,740482245682342;0,729425921188939;0,712946666373576;0,684999224963965;0,655862591232976
"38";"2021-11-21";"60+";7;9,1;7;7;8;9;10;10;11;11;12;13;61;72;66;68;70;72;75;76;77;78;80;81;0,769375865436012;0,838072550180634;0,815151990720204;0,792601644215265;0,765274642782216;0,734933424665236;0,72644399532524;0,717330543348906;0,705069980163984;0,685694317955199;0,670365345067919
"39";"2021-11-21";"alle";9;11,6;9;10;11;12;13;13;14;14;15;16;96;112;104;107;110;113;117;118;119;120;122;125;NA;NA;NA;NA;NA;NA;NA;NA;NA;NA;NA
"40";"2021-11-20";"0-60";5;6,1;5;5;5;6;7;7;7;8;8;9;33;37,5;34;35;36;38;40;40;41;42;43;44;0,82619747878583;0,879977099984411;0,860319266095148;0,840451714906518;0,815756634689467;0,78516621232868;0,777449975691278;0,767205992896412;0,752746721497522;0,729456505109048;0,700695655802423
"41";"2021-11-20";"60+";12;15;12;13;14;15;16;17;17;18;19;19;61;70,6;65;67;68;71;73;74;75;76;78;79;0,800708030552247;0,857080357470147;0,838335550928485;0,819797351800945;0,79698308269989;0,772426063950223;0,766298390627624;0,758554620669706;0,747089069249026;0,728844959348514;0,713834402497229
"42";"2021-11-20";"alle";17;21;18;19;20;21;23;23;24;24;25;26;94;108,1;101;103;106;109;112;113;114;115;118;120;NA;NA;NA;NA;NA;NA;NA;NA;NA;NA;NA
"43";"2021-11-19";"0-60";7;8,3;7;7;8;8;9;10;10;10;11;12;31;34,6;31;32;33;35;37;37;38;38;39;41;0,83922676008821;0,888369807379001;0,871070609382042;0,852669806125218;0,828525367927663;0,800350599793823;0,792555594698743;0,782222640979008;0,76928101624449;0,747961812503181;0,722335238641247
"44";"2021-11-19";"60+";8;9,8;8;8;9;10;11;11;11;12;13;13;58;65,3;60;62;63;65;68;68;69;70;71;73;0,812584594110215;0,865783347753093;0,848638012063678;0,830612228867102;0,809117669442043;0,784644722587136;0,778070989321052;0,769962465841819;0,7603298064186;0,745640324048754;0,731129302083688
"45";"2021-11-19";"alle";15;18,2;15;16;17;18;20;20;21;21;22;23;89;99,9;94;96;98;101;103;104;105;106;108;110;NA;NA;NA;NA;NA;NA;NA;NA;NA;NA;NA
"46";"2021-11-18";"0-60";8;9,1;8;8;8;9;10;10;10;11;11;12;30;32,6;30;31;32;33;34;35;35;36;37;38;0,883648953726962;0,921158860411999;0,908066655452255;0,894943057306127;0,877451509622545;0,857081627864018;0,851680405159438;0,844882717291679;0,835846566237285;0,82044232411829;0,807132863241046
"47";"2021-11-18";"60+";12;14;12;12;13;14;15;15;16;16;17;17;60;66,1;62;63;64;66;68;69;69;70;71;73;0,858710038773165;0,900043964058126;0,886755983962312;0,872773448517982;0,855784055988377;0,836765252280036;0,831467955986666;0,825219888860192;0,817132641381463;0,806022576382968;0,793112584666825
"48";"2021-11-18";"alle";20;23;20;21;22;23;24;25;25;26;27;27;90;98,7;93;95;97;99;102;102;103;104;106;108;NA;NA;NA;NA;NA;NA;NA;NA;NA;NA;NA
"49";"2021-11-17";"0-60";3;3,2;3;3;3;3;3;4;4;4;4;5;27;28,7;27;27;28;29;30;30;31;31;32;33;0,923081806557704;0,949638670846194;0,940746711496919;0,931157454964932;0,918529847067462;0,903847780946557;0,89934272447262;0,894513884253428;0,887334946051717;0,876264650940271;0,865896719243552
"50";"2021-11-17";"60+";8;8,8;8;8;8;9;9;10;10;10;11;11;61;65,7;62;63;64;66;67;68;69;69;70;72;0,905910480578828;0,935567212270423;0,926002212534215;0,916495446767597;0,903944500249442;0,889548507363505;0,885850249445911;0,881476679865437;0,875482571267825;0,865387872084399;0,856438478123284
"51";"2021-11-17";"alle";11;12,1;11;11;11;12;13;13;13;14;14;15;88;94,4;90;91;93;95;97;98;98;99;101;102;NA;NA;NA;NA;NA;NA;NA;NA;NA;NA;NA
"52";"2021-11-16";"0-60";8;8,7;8;8;8;9;9;9;10;10;11;11;37;38,8;37;37;38;39;40;40;41;41;42;43;0,92279129197225;0,951241416439226;0,941332986704658;0,930453450438931;0,916120189851495;0,898257190521617;0,893184108607527;0,886659640242339;0,877267052971083;0,861025798211233;0,842037648607044
"53";"2021-11-16";"60+";9;9,9;9;9;9;10;11;11;11;11;12;12;63;67,1;64;65;66;67;69;69;70;71;72;73;0,908269125895105;0,939105699747843;0,929506021187226;0,9191610177673;0,905884448283409;0,890768172937944;0,886419567499701;0,881613389182319;0,874561202524275;0,863653177669466;0,854239116058473
"54";"2021-11-16";"alle";17;18,6;17;17;18;19;20;20;20;21;21;22;100;105,9;102;103;104;106;108;109;110;111;112;114;NA;NA;NA;NA;NA;NA;NA;NA;NA;NA;NA
"55";"2021-11-15";"0-60";2;2,1;2;2;2;2;2;2;2;3;3;3;32;33,2;32;32;32;33;34;35;35;35;36;37;0,943619431118173;0,965230980944121;0,95770305075913;0,949603750210837;0,938293968202985;0,923623123734799;0,919256538495339;0,913712675817792;0,904814747524584;0,890231375381808;0,871274584514427
"56";"2021-11-15";"60+";5;5,4;5;5;5;5;6;6;6;6;7;7;61;64,3;61;62;63;64;66;66;67;67;69;70;0,933261713526587;0,95608922945897;0,948961296169942;0,941342516477986;0,931552221701356;0,919493640491107;0,916140181069912;0,912093609942332;0,907314350492715;0,898967876034037;0,891805853606333
"57";"2021-11-15";"alle";7;7,5;7;7;7;7;8;8;8;9;9;9;93;97,5;94;95;96;98;100;100;101;102;103;104;NA;NA;NA;NA;NA;NA;NA;NA;NA;NA;NA
"58";"2021-11-14";"0-60";0;0;0;0;0;0;0;0;0;0;0;0;35;36,1;35;35;35;36;37;37;38;38;39;40;0,922336870678895;0,952693103551744;0,942173424046927;0,930515829400504;0,914131096693037;0,891888342306447;0,884877416414655;0,875842538543245;0,862201854269951;0,835828732765592;0,803542044728409
"59";"2021-11-14";"60+";7;7,7;7;7;7;8;8;8;9;9;9;10;62;65,1;62;63;64;65;67;67;67;68;69;70;0,910652835728993;0,941768694243877;0,931828001755864;0,921499809024251;0,908133451939032;0,891594332072074;0,887308731107899;0,882260483637737;0,87482865594885;0,863644249796567;0,852029409924072
"60";"2021-11-14";"alle";7;7,7;7;7;7;8;8;8;9;9;9;10;97;101,2;98;99;100;101;103;104;104;105;107;108;NA;NA;NA;NA;NA;NA;NA;NA;NA;NA;NA
"61";"2021-11-13";"0-60";3;3,2;3;3;3;3;3;4;4;4;4;5;35;36,1;35;35;35;36;37;37;38;38;39;40;0,938484290857338;0,963967376290071;0,955213656506189;0,945201273315147;0,931589005654395;0,911718488107172;0,905792237458638;0,896963437126246;0,883582712102504;0,860632370341832;0,829948137589631
"62";"2021-11-13";"60+";9;9,7;9;9;9;10;10;10;11;11;11;12;63;65,5;63;64;64;65;67;67;68;68;69;70;0,929233950602165;0,954780197370333;0,946172380325561;0,938035233263782;0,927020783771923;0,914103392429624;0,910484799338087;0,905529978369158;0,899694055245099;0,889732200540986;0,880714991379795
"63";"2021-11-13";"alle";12;12,9;12;12;12;13;14;14;14;14;15;16;98;101,6;98;99;100;102;104;104;105;106;107;108;NA;NA;NA;NA;NA;NA;NA;NA;NA;NA;NA
"64";"2021-11-12";"0-60";6;6,3;6;6;6;6;7;7;7;7;8;8;36;37;36;36;36;37;38;38;39;39;40;41;0,94753992205483;0,970521818978278;0,962800004016538;0,953756961641413;0,94078241728935;0,922510380866875;0,916806279746773;0,908441476594948;0,896822533107426;0,874467839471544;0,848453030541456
"65";"2021-11-12";"60+";10;10,6;10;10;10;11;11;11;12;12;12;13;60;61,9;60;60;61;62;63;63;64;64;65;66;0,939221401264695;0,962509660589873;0,955027548762127;0,947339607346679;0,937141285510292;0,924639789493394;0,921224165591427;0,917157851893224;0,911616773793423;0,902318776757059;0,893921420144975
"66";"2021-11-12";"alle";16;17;16;16;16;17;18;18;18;19;19;20;96;98,9;96;97;98;99;101;101;102;102;104;105;NA;NA;NA;NA;NA;NA;NA;NA;NA;NA;NA
"67";"2021-11-11";"0-60";5;5,2;5;5;5;5;5;5;6;6;6;6;34;34,8;34;34;34;35;36;36;36;37;37;38;0,966833667296083;0,982771659125553;0,977763838677785;0,972100760723023;0,963587357691745;0,951858609270897;0,948058598147634;0,943518034284617;0,937274041213372;0,925161046740143;0,913227249693135
"68";"2021-11-11";"60+";13;13,6;13;13;13;13;14;14;14;15;15;16;60;61,3;60;60;60;61;62;63;63;63;64;65;0,95915853364364;0,975646087408546;0,970569742659865;0,965121252636912;0,957783409036202;0,948688992923071;0,94612720304015;0,942919992777608;0,938587314995517;0,931927404162287;0,925266039066933
"69";"2021-11-11";"alle";18;18,7;18;18;18;19;19;19;20;20;21;21;94;96,1;94;94;95;96;98;98;98;99;100;101;NA;NA;NA;NA;NA;NA;NA;NA;NA;NA;NA
"70";"2021-11-10";"0-60";13;13,3;13;13;13;13;14;14;14;14;15;15;35;35,7;35;35;35;36;36;37;37;37;38;39;0,978610154971344;0,989892469637319;0,986553751140245;0,982537863901316;0,976321993613488;0,967826422354091;0,965021517112136;0,961573145163427;0,956425477938507;0,947523544134674;0,937051012662068
"71";"2021-11-10";"60+";10;10,2;10;10;10;10;10;11;11;11;11;12;55;55,8;55;55;55;56;56;57;57;57;58;59;0,97591562494352;0,986354440062624;0,983264024582619;0,979725125866596;0,975001851041102;0,968933563426832;0,967141293141028;0,964972195711502;0,961984586457802;0,957479733617843;0,952501622973514
"72";"2021-11-10";"alle";23;23,5;23;23;23;23;24;24;24;25;25;26;90;91,5;90;90;91;92;93;93;94;94;95;96;NA;NA;NA;NA;NA;NA;NA;NA;NA;NA;NA
"73";"2021-11-09";"0-60";3;3,1;3;3;3;3;3;3;3;3;4;4;25;25,4;25;25;25;25;26;26;26;27;28;28;0,976449345266241;0,989963529475845;0,986105082708394;0,98109342934261;0,973061667366132;0,960905878998776;0,956824619887349;0,951346405344658;0,942971220817253;0,925754072480477;0,906438797682105
"74";"2021-11-09";"60+";7;7,2;7;7;7;7;7;7;8;8;8;8;52;52,6;52;52;52;52;53;53;54;54;54;55;0,978874412255853;0,988784691333869;0,985936250358157;0,982480240156718;0,977843831532228;0,971627547524785;0,969880917864062;0,967562425237997;0,964328164060167;0,959048999756875;0,952839435487704
"75";"2021-11-09";"alle";10;10,2;10;10;10;10;10;11;11;11;11;12;77;78;77;77;77;78;79;79;80;80;81;82;NA;NA;NA;NA;NA;NA;NA;NA;NA;NA;NA
"76";"2021-11-08";"0-60";5;5,1;5;5;5;5;5;5;5;6;6;6;28;28,4;28;28;28;28;29;29;30;30;31;32;0,982154418107084;0,992969746292416;0,99012025573366;0,986144825408378;0,979709928145457;0,968925159493737;0,965390300767775;0,960800821989731;0,952485990809968;0,937059122501079;0,917825090292953
"77";"2021-11-08";"60+";6;6,1;6;6;6;6;6;6;6;6;7;7;47;47,4;47;47;47;47;48;48;48;49;49;50;0,986363671272001;0,993194486774161;0,991211828790354;0,988937398472706;0,985533656446897;0,981136445367282;0,979824443819303;0,978105637563664;0,975730238579847;0,971416193086167;0,96669076688542
"78";"2021-11-08";"alle";11;11,2;11;11;11;11;11;12;12;12;12;13;75;75,9;75;75;75;76;77;77;77;78;79;80;NA;NA;NA;NA;NA;NA;NA;NA;NA;NA;NA
"79";"2021-11-07";"0-60";0;0;0;0;0;0;0;0;0;0;0;0;24;24,4;24;24;24;24;25;25;25;26;26;27;0,972812891527123;0,990120555371555;0,985765867562013;0,97966917034405;0,969111780671973;0,951157654017423;0,944625280240882;0,935968501957521;0,920799608295287;0,891787955478066;0,855613422746717
"80";"2021-11-07";"60+";8;8,1;8;8;8;8;8;8;8;9;9;9;46;46,4;46;46;46;46;47;47;47;47;48;48;0,983438417921624;0,992220657368736;0,989650594562995;0,986812648568786;0,982452593829132;0,976402920285988;0,974523627335758;0,972283279583925;0,968876678834118;0,961644121604909;0,953859139061516
"81";"2021-11-07";"alle";8;8,1;8;8;8;8;8;8;8;9;9;9;70;70,7;70;70;70;71;72;72;72;73;73;74;NA;NA;NA;NA;NA;NA;NA;NA;NA;NA;NA
"82";"2021-11-06";"0-60";4;4,1;4;4;4;4;4;4;4;5;5;5;25;25,4;25;25;25;25;26;26;26;27;27;28;0,977625224523373;0,992595424059028;0,988912318739598;0,983736582572289;0,974709564291999;0,958558694778621;0,952782940736243;0,94465544208007;0,93038309624741;0,904641607059365;0,873245399295042
"83";"2021-11-06";"60+";6;6,1;6;6;6;6;6;6;6;6;7;7;47;47,2;47;47;47;47;48;48;48;48;49;49;0,988333799274711;0,994872058118095;0,993097556055269;0,990923620999633;0,987567188027429;0,982863412533586;0,981386721894929;0,97934500193952;0,976395416364074;0,971079229594942;0,96331085459464
"84";"2021-11-06";"alle";10;10,2;10;10;10;10;10;11;11;11;11;12;72;72,6;72;72;72;73;73;74;74;74;75;76;NA;NA;NA;NA;NA;NA;NA;NA;NA;NA;NA
"85";"2021-11-05";"0-60";4;4,1;4;4;4;4;4;4;4;5;5;5;23;23,3;23;23;23;23;24;24;24;25;25;26;0,98046384895804;0,993894806193288;0,990535132711132;0,986017488937729;0,977528362702162;0,963090561316035;0,95779316724431;0,95049229226575;0,93797367760584;0,914209118387121;0,88297985342369
"86";"2021-11-05";"60+";10;10,1;10;10;10;10;10;10;10;11;11;11;52;52,2;52;52;52;52;52;53;53;53;53;54;0,991035493769737;0,996425225594724;0,994963191070445;0,993239123062366;0,990448172757913;0,986291487475253;0,984921657973715;0,983133455979334;0,980594119155927;0,975268804682266;0,968645749870816
"87";"2021-11-05";"alle";14;14,2;14;14;14;14;14;15;15;15;15;16;75;75,5;75;75;75;75;76;76;77;77;78;79;NA;NA;NA;NA;NA;NA;NA;NA;NA;NA;NA
"88";"2021-11-04";"0-60";6;6,1;6;6;6;6;6;6;6;6;7;7;24;24,3;24;24;24;24;25;25;25;26;26;27;0,988666417356055;0,996434489789487;0,994571781919146;0,991822822879203;0,987311867052099;0,979852337855132;0,97741344757533;0,97407890410611;0,968710219553862;0,958888240881586;0,947651622402356
"89";"2021-11-04";"60+";8;8;8;8;8;8;8;8;8;8;9;9;49;49,1;49;49;49;49;49;49;49;50;50;50;0,994631587043334;0,99801393041596;0,997194573478491;0,996117597634097;0,994350992894775;0,991466579452397;0,990562521769612;0,989356983124775;0,987578464483332;0,984028160442468;0,979717391146675
"90";"2021-11-04";"alle";14;14,1;14;14;14;14;14;14;14;15;15;15;73;73,4;73;73;73;73;74;74;74;75;76;76;NA;NA;NA;NA;NA;NA;NA;NA;NA;NA;NA
"91";"2021-11-03";"0-60";3;3;3;3;3;3;3;3;3;3;3;4;22;22,2;22;22;22;22;23;23;23;23;24;25;0,9914229325505;0,997532400887671;0,99616655754551;0,994138366413738;0,990674842130595;0,984747570102995;0,982806674324435;0,98015455169506;0,975757506134215;0,967903256905953;0,959384609576047
"92";"2021-11-03";"60+";7;7;7;7;7;7;7;7;7;7;7;8;48;48,1;48;48;48;48;48;48;48;49;49;49;0,997122485541463;0,999054268503263;0,998621924588605;0,998007024849171;0,996960064057335;0,99516426597597;0,994565710962487;0,9937093201334;0,992384174519772;0,98976002494603;0,986499855105746
"93";"2021-11-03";"alle";10;10;10;10;10;10;10;10;10;10;11;11;70;70,3;70;70;70;70;71;71;71;72;72;73;NA;NA;NA;NA;NA;NA;NA;NA;NA;NA;NA
"94";"2021-11-02";"0-60";6;6,1;6;6;6;6;6;6;6;7;7;7;23;23,2;23;23;23;23;24;24;24;24;25;26;0,98784792132656;0,997127931332514;0,995253833965149;0,992481855241949;0,986820871627634;0,976437766152543;0,97264205896377;0,967503562624766;0,95888160579932;0,941488798919221;0,921657455390011
"95";"2021-11-02";"60+";2;2;2;2;2;2;2;2;2;2;2;2;48;48;48;48;48;48;48;48;48;48;49;49;0,997675353603575;0,99934733110586;0,999002806499489;0,998484477296627;0,997544715863348;0,995700234059802;0,99502827529716;0,994077575477637;0,992543307119192;0,989008048109468;0,98421884910453
"96";"2021-11-02";"alle";8;8,1;8;8;8;8;8;8;8;9;9;9;71;71,3;71;71;71;71;72;72;72;73;73;74;NA;NA;NA;NA;NA;NA;NA;NA;NA;NA;NA
"97";"2021-11-01";"0-60";1;1;1;1;1;1;1;1;1;1;1;1;20;20,2;20;20;20;20;20;21;21;21;22;22;0,989850640637422;0,997868892279268;0,99640530605007;0,994010995056311;0,98918072775201;0,980003334110398;0,97669827647033;0,971634579907705;0,963670366172491;0,947366008649801;0,927991274745507
"98";"2021-11-01";"60+";5;5;5;5;5;5;5;5;5;5;5;5;48;48;48;48;48;48;48;48;48;48;49;49;0,998634282849489;0,999676612906418;0,999484323331172;0,999172083009366;0,998555325019649;0,99725526264675;0,996770952585184;0,996032691205409;0,994785004844585;0,992030785337624;0,987881084579867
"99";"2021-11-01";"alle";6;6;6;6;6;6;6;6;6;6;6;7;68;68,2;68;68;68;68;69;69;69;69;70;71;NA;NA;NA;NA;NA;NA;NA;NA;NA;NA;NA
"100";"2021-10-31";"0-60";1;1;1;1;1;1;1;1;1;1;1;2;21;21,2;21;21;21;21;21;22;22;22;23;23;0,982890511327933;0,996837353829125;0,994517409623757;0,990611057857986;0,982107835843895;0,965044390498881;0,958733035212932;0,949844660156876;0,934537159808489;0,904087435160054;0,866587833353255
"101";"2021-10-31";"60+";9;9;9;9;9;9;9;9;9;9;9;10;47;47;47;47;47;47;47;47;47;47;48;48;0,998484183102367;0,999716771333599;0,999507689543842;0,999159344722196;0,998408451688377;0,996648378483489;0,995896591072318;0,994857513109223;0,992998869690972;0,988514401912422;0,981423405399115
"102";"2021-10-31";"alle";10;10;10;10;10;10;10;10;10;10;11;11;68;68,2;68;68;68;68;69;69;69;69;70;71;NA;NA;NA;NA;NA;NA;NA;NA;NA;NA;NA
"103";"2021-10-30";"0-60";2;2;2;2;2;2;2;2;2;2;2;3;21;21,1;21;21;21;21;21;22;22;22;23;23;0,985770063607118;0,997637223496483;0,995799033771483;0,992549129675425;0,985292072659689;0,970279095476323;0,964723608859721;0,956491209488394;0,942397586045723;0,91473729123902;0,881538512270876
"104";"2021-10-30";"60+";11;11;11;11;11;11;11;11;11;11;11;11;47;47;47;47;47;47;47;47;47;47;47;48;0,999052176488431;0,999864174828751;0,999741568039018;0,999520190841462;0,999008603548039;0,997715823413395;0,997225418212141;0,99635481838922;0,99490982100983;0,991337232560344;0,98550178548408
"105";"2021-10-30";"alle";13;13;13;13;13;13;13;13;13;13;14;14;68;68,2;68;68;68;68;68;69;69;69;70;70;NA;NA;NA;NA;NA;NA;NA;NA;NA;NA;NA
"106";"2021-10-29";"0-60";5;5,1;5;5;5;5;5;5;5;6;6;6;20;20,1;20;20;20;20;20;20;21;21;21;22;0,988179167416298;0,998178741295838;0,996680037019439;0,993958213453302;0,9877512471481;0,974478628289835;0,96934172655633;0,962328529209798;0,950006326340596;0,92485567018346;0,892904312883133
"107";"2021-10-29";"60+";7;7;7;7;7;7;7;7;7;7;7;7;43;43;43;43;43;43;43;43;43;43;43;43;0,999369190329913;0,999933824190857;0,999856142671036;0,999709149836146;0,999342057487746;0,998373862547699;0,997962632712971;0,997289031425483;0,996134527536517;0,993241625065073;0,988416630500123
"108";"2021-10-29";"alle";12;12,1;12;12;12;12;12;12;12;13;13;13;63;63,1;63;63;63;63;63;63;64;64;64;65;NA;NA;NA;NA;NA;NA;NA;NA;NA;NA;NA
"109";"2021-10-28";"0-60";4;4;4;4;4;4;4;4;4;4;4;5;19;19,1;19;19;19;19;19;19;19;19;20;20;0,994992067208452;0,999117532207254;0,998441229378974;0,99725453544333;0,994765276299465;0,989965474195606;0,988127599739627;0,985507216312558;0,981515982711178;0,973026578168515;0,96126344616486
"110";"2021-10-28";"60+";7;7;7;7;7;7;7;7;7;7;7;7;46;46;46;46;46;46;46;46;46;46;46;46;0,999691809594573;0,999976426486048;0,999942132850456;0,999870898498528;0,999686788698489;0,999181259942255;0,998966414308944;0,998622245252022;0,998063560527805;0,996623949713554;0,994496065220595
"111";"2021-10-28";"alle";11;11;11;11;11;11;11;11;11;11;11;12;65;65,1;65;65;65;65;65;65;65;66;66;66;NA;NA;NA;NA;NA;NA;NA;NA;NA;NA;NA
"112";"2021-10-27";"0-60";4;4;4;4;4;4;4;4;4;4;4;4;20;20;20;20;20;20;20;20;20;20;21;21;0,996404469328043;0,999468896971201;0,998975121795817;0,998131494950024;0,996362387573935;0,992779839350063;0,991400948247174;0,989668643080754;0,986708578432958;0,980477448539398;0,972921264373513
"113";"2021-10-27";"60+";7;7;7;7;7;7;7;7;7;7;7;7;45;45;45;45;45;45;45;45;45;45;45;45;0,999853552032832;0,999992681740855;0,999979509273194;0,999947560044435;0,999849449242391;0,999557033139815;0,999422867474825;0,999197150693021;0,998820526711908;0,997896840210156;0,996351300841211
"114";"2021-10-27";"alle";11;11;11;11;11;11;11;11;11;11;11;12;65;65;65;65;65;65;65;65;65;65;66;66;NA;NA;NA;NA;NA;NA;NA;NA;NA;NA;NA
"115";"2021-10-26";"0-60";3;3;3;3;3;3;3;3;3;3;3;4;19;19;19;19;19;19;19;19;19;19;19;20;0,994327864509329;0,999427970703217;0,998776974059226;0,997452903966578;0,99428008728568;0,987176201515044;0,984392399759599;0,980486005023859;0,973559270608329;0,959170811128114;0,941594040077198
"116";"2021-10-26";"60+";2;2;2;2;2;2;2;2;2;2;2;2;46;46;46;46;46;46;46;46;46;46;46;46;0,999891346247962;0,99999699647194;0,999989516381388;0,999967789930701;0,999888506817148;0,999597646028412;0,999447002982297;0,9992031718523;0,998730190703485;0,997464654952816;0,995085382225063
"117";"2021-10-26";"alle";5;5;5;5;5;5;5;5;5;5;5;6;65;65;65;65;65;65;65;65;65;65;65;66;NA;NA;NA;NA;NA;NA;NA;NA;NA;NA;NA
"118";"2021-10-25";"0-60";2;2;2;2;2;2;2;2;2;2;2;2;26;26;26;26;26;26;26;26;26;26;26;26;0,997031775640782;0,999766631958573;0,999443828298862;0,998773032967661;0,997002337031041;0,992946785929859;0,991181631388689;0,988738085277169;0,984631509575353;0,975298492098337;0,962188386928696
"119";"2021-10-25";"60+";4;4;4;4;4;4;4;4;4;4;4;4;48;48;48;48;48;48;48;48;48;48;48;48;0,999963125350582;0,999999352596337;0,999997352275084;0,999990494044925;0,999961913965238;0,999845961853931;0,999782522214229;0,999671713326645;0,999463726056023;0,99884433006686;0,997606809024224
"120";"2021-10-25";"alle";6;6;6;6;6;6;6;6;6;6;6;6;74;74;74;74;74;74;74;74;74;74;74;74;NA;NA;NA;NA;NA;NA;NA;NA;NA;NA;NA
"121";"2021-10-24";"0-60";1;1;1;1;1;1;1;1;1;1;1;1;25;25;25;25;25;25;25;25;25;25;25;25;1;1;1;1;1;1;1;1;1;1;1
"122";"2021-10-24";"60+";9;9;9;9;9;9;9;9;9;9;9;9;46;46;46;46;46;46;46;46;46;46;46;46;1;1;1;1;1;1;1;1;1;1;1
"123";"2021-10-24";"alle";10;10;10;10;10;10;10;10;10;10;10;10;71;71;71;71;71;71;71;71;71;71;71;71;1;1;1;1;1;1;1;1;1;1;1
"124";"2021-10-23";"0-60";1;1;1;1;1;1;1;1;1;1;1;1;31;31;31;31;31;31;31;31;31;31;31;31;1;1;1;1;1;1;1;1;1;1;1
"125";"2021-10-23";"60+";7;7;7;7;7;7;7;7;7;7;7;7;39;39;39;39;39;39;39;39;39;39;39;39;1;1;1;1;1;1;1;1;1;1;1
"126";"2021-10-23";"alle";8;8;8;8;8;8;8;8;8;8;8;8;70;70;70;70;70;70;70;70;70;70;70;70;1;1;1;1;1;1;1;1;1;1;1
"127";"2021-10-22";"0-60";4;4;4;4;4;4;4;4;4;4;4;4;35;35;35;35;35;35;35;35;35;35;35;35;1;1;1;1;1;1;1;1;1;1;1
"128";"2021-10-22";"60+";10;10;10;10;10;10;10;10;10;10;10;10;36;36;36;36;36;36;36;36;36;36;36;36;1;1;1;1;1;1;1;1;1;1;1
"129";"2021-10-22";"alle";14;14;14;14;14;14;14;14;14;14;14;14;71;71;71;71;71;71;71;71;71;71;71;71;1;1;1;1;1;1;1;1;1;1;1
"130";"2021-10-21";"0-60";5;5;5;5;5;5;5;5;5;5;5;5;33;33;33;33;33;33;33;33;33;33;33;33;1;1;1;1;1;1;1;1;1;1;1
"131";"2021-10-21";"60+";6;6;6;6;6;6;6;6;6;6;6;6;31;31;31;31;31;31;31;31;31;31;31;31;1;1;1;1;1;1;1;1;1;1;1
"132";"2021-10-21";"alle";11;11;11;11;11;11;11;11;11;11;11;11;64;64;64;64;64;64;64;64;64;64;64;64;1;1;1;1;1;1;1;1;1;1;1
"133";"2021-10-20";"0-60";3;3;3;3;3;3;3;3;3;3;3;3;30;30;30;30;30;30;30;30;30;30;30;30;1;1;1;1;1;1;1;1;1;1;1
"134";"2021-10-20";"60+";8;8;8;8;8;8;8;8;8;8;8;8;29;29;29;29;29;29;29;29;29;29;29;29;1;1;1;1;1;1;1;1;1;1;1
"135";"2021-10-20";"alle";11;11;11;11;11;11;11;11;11;11;11;11;59;59;59;59;59;59;59;59;59;59;59;59;1;1;1;1;1;1;1;1;1;1;1
"136";"2021-10-19";"0-60";10;10;10;10;10;10;10;10;10;10;10;10;32;32;32;32;32;32;32;32;32;32;32;32;1;1;1;1;1;1;1;1;1;1;1
"137";"2021-10-19";"60+";4;4;4;4;4;4;4;4;4;4;4;4;25;25;25;25;25;25;25;25;25;25;25;25;1;1;1;1;1;1;1;1;1;1;1
"138";"2021-10-19";"alle";14;14;14;14;14;14;14;14;14;14;14;14;57;57;57;57;57;57;57;57;57;57;57;57;1;1;1;1;1;1;1;1;1;1;1
"139";"2021-10-18";"0-60";1;1;1;1;1;1;1;1;1;1;1;1;26;26;26;26;26;26;26;26;26;26;26;26;1;1;1;1;1;1;1;1;1;1;1
"140";"2021-10-18";"60+";2;2;2;2;2;2;2;2;2;2;2;2;26;26;26;26;26;26;26;26;26;26;26;26;1;1;1;1;1;1;1;1;1;1;1
"141";"2021-10-18";"alle";3;3;3;3;3;3;3;3;3;3;3;3;52;52;52;52;52;52;52;52;52;52;52;52;1;1;1;1;1;1;1;1;1;1;1
"142";"2021-10-17";"0-60";7;7;7;7;7;7;7;7;7;7;7;7;29;29;29;29;29;29;29;29;29;29;29;29;1;1;1;1;1;1;1;1;1;1;1
"143";"2021-10-17";"60+";2;2;2;2;2;2;2;2;2;2;2;2;25;25;25;25;25;25;25;25;25;25;25;25;1;1;1;1;1;1;1;1;1;1;1
"144";"2021-10-17";"alle";9;9;9;9;9;9;9;9;9;9;9;9;54;54;54;54;54;54;54;54;54;54;54;54;1;1;1;1;1;1;1;1;1;1;1
"145";"2021-10-16";"0-60";5;5;5;5;5;5;5;5;5;5;5;5;25;25;25;25;25;25;25;25;25;25;25;25;1;1;1;1;1;1;1;1;1;1;1
"146";"2021-10-16";"60+";4;4;4;4;4;4;4;4;4;4;4;4;25;25;25;25;25;25;25;25;25;25;25;25;1;1;1;1;1;1;1;1;1;1;1
"147";"2021-10-16";"alle";9;9;9;9;9;9;9;9;9;9;9;9;50;50;50;50;50;50;50;50;50;50;50;50;1;1;1;1;1;1;1;1;1;1;1
"148";"2021-10-15";"0-60";2;2;2;2;2;2;2;2;2;2;2;2;23;23;23;23;23;23;23;23;23;23;23;23;1;1;1;1;1;1;1;1;1;1;1
"149";"2021-10-15";"60+";5;5;5;5;5;5;5;5;5;5;5;5;24;24;24;24;24;24;24;24;24;24;24;24;1;1;1;1;1;1;1;1;1;1;1
"150";"2021-10-15";"alle";7;7;7;7;7;7;7;7;7;7;7;7;47;47;47;47;47;47;47;47;47;47;47;47;1;1;1;1;1;1;1;1;1;1;1
"151";"2021-10-14";"0-60";2;2;2;2;2;2;2;2;2;2;2;2;23;23;23;23;23;23;23;23;23;23;23;23;1;1;1;1;1;1;1;1;1;1;1
"152";"2021-10-14";"60+";4;4;4;4;4;4;4;4;4;4;4;4;21;21;21;21;21;21;21;21;21;21;21;21;1;1;1;1;1;1;1;1;1;1;1
"153";"2021-10-14";"alle";6;6;6;6;6;6;6;6;6;6;6;6;44;44;44;44;44;44;44;44;44;44;44;44;1;1;1;1;1;1;1;1;1;1;1
"154";"2021-10-13";"0-60";5;5;5;5;5;5;5;5;5;5;5;5;25;25;25;25;25;25;25;25;25;25;25;25;1;1;1;1;1;1;1;1;1;1;1
"155";"2021-10-13";"60+";4;4;4;4;4;4;4;4;4;4;4;4;21;21;21;21;21;21;21;21;21;21;21;21;1;1;1;1;1;1;1;1;1;1;1
"156";"2021-10-13";"alle";9;9;9;9;9;9;9;9;9;9;9;9;46;46;46;46;46;46;46;46;46;46;46;46;1;1;1;1;1;1;1;1;1;1;1
"157";"2021-10-12";"0-60";4;4;4;4;4;4;4;4;4;4;4;4;23;23;23;23;23;23;23;23;23;23;23;23;1;1;1;1;1;1;1;1;1;1;1
"158";"2021-10-12";"60+";5;5;5;5;5;5;5;5;5;5;5;5;21;21;21;21;21;21;21;21;21;21;21;21;1;1;1;1;1;1;1;1;1;1;1
"159";"2021-10-12";"alle";9;9;9;9;9;9;9;9;9;9;9;9;44;44;44;44;44;44;44;44;44;44;44;44;1;1;1;1;1;1;1;1;1;1;1
"160";"2021-10-11";"0-60";4;4;4;4;4;4;4;4;4;4;4;4;25;25;25;25;25;25;25;25;25;25;25;25;1;1;1;1;1;1;1;1;1;1;1
"161";"2021-10-11";"60+";1;1;1;1;1;1;1;1;1;1;1;1;17;17;17;17;17;17;17;17;17;17;17;17;1;1;1;1;1;1;1;1;1;1;1
"162";"2021-10-11";"alle";5;5;5;5;5;5;5;5;5;5;5;5;42;42;42;42;42;42;42;42;42;42;42;42;1;1;1;1;1;1;1;1;1;1;1
"163";"2021-10-10";"0-60";3;3;3;3;3;3;3;3;3;3;3;3;22;22;22;22;22;22;22;22;22;22;22;22;1;1;1;1;1;1;1;1;1;1;1
"164";"2021-10-10";"60+";2;2;2;2;2;2;2;2;2;2;2;2;16;16;16;16;16;16;16;16;16;16;16;16;1;1;1;1;1;1;1;1;1;1;1
"165";"2021-10-10";"alle";5;5;5;5;5;5;5;5;5;5;5;5;38;38;38;38;38;38;38;38;38;38;38;38;1;1;1;1;1;1;1;1;1;1;1
"166";"2021-10-09";"0-60";3;3;3;3;3;3;3;3;3;3;3;3;21;21;21;21;21;21;21;21;21;21;21;21;1;1;1;1;1;1;1;1;1;1;1
"167";"2021-10-09";"60+";3;3;3;3;3;3;3;3;3;3;3;3;14;14;14;14;14;14;14;14;14;14;14;14;1;1;1;1;1;1;1;1;1;1;1
"168";"2021-10-09";"alle";6;6;6;6;6;6;6;6;6;6;6;6;35;35;35;35;35;35;35;35;35;35;35;35;1;1;1;1;1;1;1;1;1;1;1
"169";"2021-10-08";"0-60";2;2;2;2;2;2;2;2;2;2;2;2;20;20;20;20;20;20;20;20;20;20;20;20;1;1;1;1;1;1;1;1;1;1;1
"170";"2021-10-08";"60+";2;2;2;2;2;2;2;2;2;2;2;2;17;17;17;17;17;17;17;17;17;17;17;17;1;1;1;1;1;1;1;1;1;1;1
"171";"2021-10-08";"alle";4;4;4;4;4;4;4;4;4;4;4;4;37;37;37;37;37;37;37;37;37;37;37;37;1;1;1;1;1;1;1;1;1;1;1
"172";"2021-10-07";"0-60";4;4;4;4;4;4;4;4;4;4;4;4;21;21;21;21;21;21;21;21;21;21;21;21;1;1;1;1;1;1;1;1;1;1;1
"173";"2021-10-07";"60+";4;4;4;4;4;4;4;4;4;4;4;4;20;20;20;20;20;20;20;20;20;20;20;20;1;1;1;1;1;1;1;1;1;1;1
"174";"2021-10-07";"alle";8;8;8;8;8;8;8;8;8;8;8;8;41;41;41;41;41;41;41;41;41;41;41;41;NA;NA;NA;NA;NA;NA;NA;NA;NA;NA;NA
"175";"2021-10-06";"0-60";3;3;3;3;3;3;3;3;3;3;3;3;20;20;20;20;20;20;20;20;20;20;20;20;1;1;1;1;1;1;1;1;1;1;1
"176";"2021-10-06";"60+";4;4;4;4;4;4;4;4;4;4;4;4;20;20;20;20;20;20;20;20;20;20;20;20;1;1;1;1;1;1;1;1;1;1;1
"177";"2021-10-06";"alle";7;7;7;7;7;7;7;7;7;7;7;7;40;40;40;40;40;40;40;40;40;40;40;40;NA;NA;NA;NA;NA;NA;NA;NA;NA;NA;NA
"178";"2021-10-05";"0-60";6;6;6;6;6;6;6;6;6;6;6;6;23;23;23;23;23;23;23;23;23;23;23;23;1;1;1;1;1;1;1;1;1;1;1
"179";"2021-10-05";"60+";1;1;1;1;1;1;1;1;1;1;1;1;22;22;22;22;22;22;22;22;22;22;22;22;1;1;1;1;1;1;1;1;1;1;1
"180";"2021-10-05";"alle";7;7;7;7;7;7;7;7;7;7;7;7;45;45;45;45;45;45;45;45;45;45;45;45;NA;NA;NA;NA;NA;NA;NA;NA;NA;NA;NA
"181";"2021-10-04";"0-60";1;1;1;1;1;1;1;1;1;1;1;1;17;17;17;17;17;17;17;17;17;17;17;17;1;1;1;1;1;1;1;1;1;1;1
"182";"2021-10-04";"60+";0;0;0;0;0;0;0;0;0;0;0;0;25;25;25;25;25;25;25;25;25;25;25;25;1;1;1;1;1;1;1;1;1;1;1
"183";"2021-10-04";"alle";1;1;1;1;1;1;1;1;1;1;1;1;42;42;42;42;42;42;42;42;42;42;42;42;NA;NA;NA;NA;NA;NA;NA;NA;NA;NA;NA
"184";"2021-10-03";"0-60";2;2;2;2;2;2;2;2;2;2;2;2;20;20;20;20;20;20;20;20;20;20;20;20;1;1;1;1;1;1;1;1;1;1;1
"185";"2021-10-03";"60+";0;0;0;0;0;0;0;0;0;0;0;0;25;25;25;25;25;25;25;25;25;25;25;25;1;1;1;1;1;1;1;1;1;1;1
"186";"2021-10-03";"alle";2;2;2;2;2;2;2;2;2;2;2;2;45;45;45;45;45;45;45;45;45;45;45;45;NA;NA;NA;NA;NA;NA;NA;NA;NA;NA;NA
"187";"2021-10-02";"0-60";2;2;2;2;2;2;2;2;2;2;2;2;21;21;21;21;21;21;21;21;21;21;21;21;1;1;1;1;1;1;1;1;1;1;1
"188";"2021-10-02";"60+";6;6;6;6;6;6;6;6;6;6;6;6;27;27;27;27;27;27;27;27;27;27;27;27;1;1;1;1;1;1;1;1;1;1;1
"189";"2021-10-02";"alle";8;8;8;8;8;8;8;8;8;8;8;8;48;48;48;48;48;48;48;48;48;48;48;48;NA;NA;NA;NA;NA;NA;NA;NA;NA;NA;NA
"190";"2021-10-01";"0-60";3;3;3;3;3;3;3;3;3;3;3;3;24;24;24;24;24;24;24;24;24;24;24;24;1;1;1;1;1;1;1;1;1;1;1
"191";"2021-10-01";"60+";5;5;5;5;5;5;5;5;5;5;5;5;24;24;24;24;24;24;24;24;24;24;24;24;1;1;1;1;1;1;1;1;1;1;1
"192";"2021-10-01";"alle";8;8;8;8;8;8;8;8;8;8;8;8;48;48;48;48;48;48;48;48;48;48;48;48;NA;NA;NA;NA;NA;NA;NA;NA;NA;NA;NA
"193";"2021-09-30";"0-60";3;3;3;3;3;3;3;3;3;3;3;3;26;26;26;26;26;26;26;26;26;26;26;26;1;1;1;1;1;1;1;1;1;1;1
"194";"2021-09-30";"60+";4;4;4;4;4;4;4;4;4;4;4;4;25;25;25;25;25;25;25;25;25;25;25;25;1;1;1;1;1;1;1;1;1;1;1
"195";"2021-09-30";"alle";7;7;7;7;7;7;7;7;7;7;7;7;51;51;51;51;51;51;51;51;51;51;51;51;NA;NA;NA;NA;NA;NA;NA;NA;NA;NA;NA
"196";"2021-09-29";"0-60";6;6;6;6;6;6;6;6;6;6;6;6;29;29;29;29;29;29;29;29;29;29;29;29;1;1;1;1;1;1;1;1;1;1;1
"197";"2021-09-29";"60+";6;6;6;6;6;6;6;6;6;6;6;6;23;23;23;23;23;23;23;23;23;23;23;23;1;1;1;1;1;1;1;1;1;1;1
"198";"2021-09-29";"alle";12;12;12;12;12;12;12;12;12;12;12;12;52;52;52;52;52;52;52;52;52;52;52;52;NA;NA;NA;NA;NA;NA;NA;NA;NA;NA;NA
"199";"2021-09-28";"0-60";0;0;0;0;0;0;0;0;0;0;0;0;28;28;28;28;28;28;28;28;28;28;28;28;1;1;1;1;1;1;1;1;1;1;1
"200";"2021-09-28";"60+";4;4;4;4;4;4;4;4;4;4;4;4;21;21;21;21;21;21;21;21;21;21;21;21;1;1;1;1;1;1;1;1;1;1;1
"201";"2021-09-28";"alle";4;4;4;4;4;4;4;4;4;4;4;4;49;49;49;49;49;49;49;49;49;49;49;49;NA;NA;NA;NA;NA;NA;NA;NA;NA;NA;NA
"202";"2021-09-27";"0-60";4;4;4;4;4;4;4;4;4;4;4;4;32;32;32;32;32;32;32;32;32;32;32;32;1;1;1;1;1;1;1;1;1;1;1
"203";"2021-09-27";"60+";0;0;0;0;0;0;0;0;0;0;0;0;27;27;27;27;27;27;27;27;27;27;27;27;1;1;1;1;1;1;1;1;1;1;1
"204";"2021-09-27";"alle";4;4;4;4;4;4;4;4;4;4;4;4;59;59;59;59;59;59;59;59;59;59;59;59;NA;NA;NA;NA;NA;NA;NA;NA;NA;NA;NA
"205";"2021-09-26";"0-60";3;3;3;3;3;3;3;3;3;3;3;3;30;30;30;30;30;30;30;30;30;30;30;30;1;1;1;1;1;1;1;1;1;1;1
"206";"2021-09-26";"60+";2;2;2;2;2;2;2;2;2;2;2;2;28;28;28;28;28;28;28;28;28;28;28;28;1;1;1;1;1;1;1;1;1;1;1
"207";"2021-09-26";"alle";5;5;5;5;5;5;5;5;5;5;5;5;58;58;58;58;58;58;58;58;58;58;58;58;NA;NA;NA;NA;NA;NA;NA;NA;NA;NA;NA
"208";"2021-09-25";"0-60";5;5;5;5;5;5;5;5;5;5;5;5;31;31;31;31;31;31;31;31;31;31;31;31;1;1;1;1;1;1;1;1;1;1;1
"209";"2021-09-25";"60+";3;3;3;3;3;3;3;3;3;3;3;3;26;26;26;26;26;26;26;26;26;26;26;26;1;1;1;1;1;1;1;1;1;1;1
"210";"2021-09-25";"alle";8;8;8;8;8;8;8;8;8;8;8;8;57;57;57;57;57;57;57;57;57;57;57;57;NA;NA;NA;NA;NA;NA;NA;NA;NA;NA;NA
"211";"2021-09-24";"0-60";5;5;5;5;5;5;5;5;5;5;5;5;29;29;29;29;29;29;29;29;29;29;29;29;1;1;1;1;1;1;1;1;1;1;1
"212";"2021-09-24";"60+";6;6;6;6;6;6;6;6;6;6;6;6;29;29;29;29;29;29;29;29;29;29;29;29;1;1;1;1;1;1;1;1;1;1;1
"213";"2021-09-24";"alle";11;11;11;11;11;11;11;11;11;11;11;11;58;58;58;58;58;58;58;58;58;58;58;58;NA;NA;NA;NA;NA;NA;NA;NA;NA;NA;NA
"214";"2021-09-23";"0-60";6;6;6;6;6;6;6;6;6;6;6;6;27;27;27;27;27;27;27;27;27;27;27;27;1;1;1;1;1;1;1;1;1;1;1
"215";"2021-09-23";"60+";2;2;2;2;2;2;2;2;2;2;2;2;27;27;27;27;27;27;27;27;27;27;27;27;1;1;1;1;1;1;1;1;1;1;1
"216";"2021-09-23";"alle";8;8;8;8;8;8;8;8;8;8;8;8;54;54;54;54;54;54;54;54;54;54;54;54;NA;NA;NA;NA;NA;NA;NA;NA;NA;NA;NA
"217";"2021-09-22";"0-60";5;5;5;5;5;5;5;5;5;5;5;5;26;26;26;26;26;26;26;26;26;26;26;26;1;1;1;1;1;1;1;1;1;1;1
"218";"2021-09-22";"60+";4;4;4;4;4;4;4;4;4;4;4;4;34;34;34;34;34;34;34;34;34;34;34;34;1;1;1;1;1;1;1;1;1;1;1
"219";"2021-09-22";"alle";9;9;9;9;9;9;9;9;9;9;9;9;60;60;60;60;60;60;60;60;60;60;60;60;NA;NA;NA;NA;NA;NA;NA;NA;NA;NA;NA
"220";"2021-09-21";"0-60";4;4;4;4;4;4;4;4;4;4;4;4;31;31;31;31;31;31;31;31;31;31;31;31;1;1;1;1;1;1;1;1;1;1;1
"221";"2021-09-21";"60+";10;10;10;10;10;10;10;10;10;10;10;10;32;32;32;32;32;32;32;32;32;32;32;32;1;1;1;1;1;1;1;1;1;1;1
"222";"2021-09-21";"alle";14;14;14;14;14;14;14;14;14;14;14;14;63;63;63;63;63;63;63;63;63;63;63;63;NA;NA;NA;NA;NA;NA;NA;NA;NA;NA;NA
"223";"2021-09-20";"0-60";2;2;2;2;2;2;2;2;2;2;2;2;32;32;32;32;32;32;32;32;32;32;32;32;1;1;1;1;1;1;1;1;1;1;1
"224";"2021-09-20";"60+";1;1;1;1;1;1;1;1;1;1;1;1;27;27;27;27;27;27;27;27;27;27;27;27;1;1;1;1;1;1;1;1;1;1;1
"225";"2021-09-20";"alle";3;3;3;3;3;3;3;3;3;3;3;3;59;59;59;59;59;59;59;59;59;59;59;59;NA;NA;NA;NA;NA;NA;NA;NA;NA;NA;NA
"226";"2021-09-19";"0-60";4;4;4;4;4;4;4;4;4;4;4;4;30;30;30;30;30;30;30;30;30;30;30;30;1;1;1;1;1;1;1;1;1;1;1
"227";"2021-09-19";"60+";0;0;0;0;0;0;0;0;0;0;0;0;28;28;28;28;28;28;28;28;28;28;28;28;1;1;1;1;1;1;1;1;1;1;1
"228";"2021-09-19";"alle";4;4;4;4;4;4;4;4;4;4;4;4;58;58;58;58;58;58;58;58;58;58;58;58;NA;NA;NA;NA;NA;NA;NA;NA;NA;NA;NA
"229";"2021-09-18";"0-60";3;3;3;3;3;3;3;3;3;3;3;3;29;29;29;29;29;29;29;29;29;29;29;29;1;1;1;1;1;1;1;1;1;1;1
"230";"2021-09-18";"60+";6;6;6;6;6;6;6;6;6;6;6;6;29;29;29;29;29;29;29;29;29;29;29;29;1;1;1;1;1;1;1;1;1;1;1
"231";"2021-09-18";"alle";9;9;9;9;9;9;9;9;9;9;9;9;58;58;58;58;58;58;58;58;58;58;58;58;NA;NA;NA;NA;NA;NA;NA;NA;NA;NA;NA
"232";"2021-09-17";"0-60";3;3;3;3;3;3;3;3;3;3;3;3;34;34;34;34;34;34;34;34;34;34;34;34;1;1;1;1;1;1;1;1;1;1;1
"233";"2021-09-17";"60+";4;4;4;4;4;4;4;4;4;4;4;4;29;29;29;29;29;29;29;29;29;29;29;29;1;1;1;1;1;1;1;1;1;1;1
"234";"2021-09-17";"alle";7;7;7;7;7;7;7;7;7;7;7;7;63;63;63;63;63;63;63;63;63;63;63;63;NA;NA;NA;NA;NA;NA;NA;NA;NA;NA;NA
"235";"2021-09-16";"0-60";5;5;5;5;5;5;5;5;5;5;5;5;34;34;34;34;34;34;34;34;34;34;34;34;1;1;1;1;1;1;1;1;1;1;1
"236";"2021-09-16";"60+";9;9;9;9;9;9;9;9;9;9;9;9;32;32;32;32;32;32;32;32;32;32;32;32;1;1;1;1;1;1;1;1;1;1;1
"237";"2021-09-16";"alle";14;14;14;14;14;14;14;14;14;14;14;14;66;66;66;66;66;66;66;66;66;66;66;66;NA;NA;NA;NA;NA;NA;NA;NA;NA;NA;NA
"238";"2021-09-15";"0-60";10;10;10;10;10;10;10;10;10;10;10;10;32;32;32;32;32;32;32;32;32;32;32;32;1;1;1;1;1;1;1;1;1;1;1
"239";"2021-09-15";"60+";2;2;2;2;2;2;2;2;2;2;2;2;28;28;28;28;28;28;28;28;28;28;28;28;1;1;1;1;1;1;1;1;1;1;1
"240";"2021-09-15";"alle";12;12;12;12;12;12;12;12;12;12;12;12;60;60;60;60;60;60;60;60;60;60;60;60;NA;NA;NA;NA;NA;NA;NA;NA;NA;NA;NA
"241";"2021-09-14";"0-60";5;5;5;5;5;5;5;5;5;5;5;5;34;34;34;34;34;34;34;34;34;34;34;34;1;1;1;1;1;1;1;1;1;1;1
"242";"2021-09-14";"60+";5;5;5;5;5;5;5;5;5;5;5;5;34;34;34;34;34;34;34;34;34;34;34;34;1;1;1;1;1;1;1;1;1;1;1
"243";"2021-09-14";"alle";10;10;10;10;10;10;10;10;10;10;10;10;68;68;68;68;68;68;68;68;68;68;68;68;NA;NA;NA;NA;NA;NA;NA;NA;NA;NA;NA
"244";"2021-09-13";"0-60";0;0;0;0;0;0;0;0;0;0;0;0;37;37;37;37;37;37;37;37;37;37;37;37;1;1;1;1;1;1;1;1;1;1;1
"245";"2021-09-13";"60+";2;2;2;2;2;2;2;2;2;2;2;2;38;38;38;38;38;38;38;38;38;38;38;38;1;1;1;1;1;1;1;1;1;1;1
"246";"2021-09-13";"alle";2;2;2;2;2;2;2;2;2;2;2;2;75;75;75;75;75;75;75;75;75;75;75;75;NA;NA;NA;NA;NA;NA;NA;NA;NA;NA;NA
"247";"2021-09-12";"0-60";3;3;3;3;3;3;3;3;3;3;3;3;45;45;45;45;45;45;45;45;45;45;45;45;1;1;1;1;1;1;1;1;1;1;1
"248";"2021-09-12";"60+";1;1;1;1;1;1;1;1;1;1;1;1;39;39;39;39;39;39;39;39;39;39;39;39;1;1;1;1;1;1;1;1;1;1;1
"249";"2021-09-12";"alle";4;4;4;4;4;4;4;4;4;4;4;4;84;84;84;84;84;84;84;84;84;84;84;84;NA;NA;NA;NA;NA;NA;NA;NA;NA;NA;NA
"250";"2021-09-11";"0-60";8;8;8;8;8;8;8;8;8;8;8;8;46;46;46;46;46;46;46;46;46;46;46;46;1;1;1;1;1;1;1;1;1;1;1
"251";"2021-09-11";"60+";6;6;6;6;6;6;6;6;6;6;6;6;42;42;42;42;42;42;42;42;42;42;42;42;1;1;1;1;1;1;1;1;1;1;1
"252";"2021-09-11";"alle";14;14;14;14;14;14;14;14;14;14;14;14;88;88;88;88;88;88;88;88;88;88;88;88;NA;NA;NA;NA;NA;NA;NA;NA;NA;NA;NA
"253";"2021-09-10";"0-60";3;3;3;3;3;3;3;3;3;3;3;3;44;44;44;44;44;44;44;44;44;44;44;44;1;1;1;1;1;1;1;1;1;1;1
"254";"2021-09-10";"60+";7;7;7;7;7;7;7;7;7;7;7;7;41;41;41;41;41;41;41;41;41;41;41;41;1;1;1;1;1;1;1;1;1;1;1
"255";"2021-09-10";"alle";10;10;10;10;10;10;10;10;10;10;10;10;85;85;85;85;85;85;85;85;85;85;85;85;NA;NA;NA;NA;NA;NA;NA;NA;NA;NA;NA
"256";"2021-09-09";"0-60";3;3;3;3;3;3;3;3;3;3;3;3;45;45;45;45;45;45;45;45;45;45;45;45;1;1;1;1;1;1;1;1;1;1;1
"257";"2021-09-09";"60+";5;5;5;5;5;5;5;5;5;5;5;5;38;38;38;38;38;38;38;38;38;38;38;38;1;1;1;1;1;1;1;1;1;1;1
"258";"2021-09-09";"alle";8;8;8;8;8;8;8;8;8;8;8;8;83;83;83;83;83;83;83;83;83;83;83;83;NA;NA;NA;NA;NA;NA;NA;NA;NA;NA;NA
"259";"2021-09-08";"0-60";12;12;12;12;12;12;12;12;12;12;12;12;51;51;51;51;51;51;51;51;51;51;51;51;1;1;1;1;1;1;1;1;1;1;1
"260";"2021-09-08";"60+";8;8;8;8;8;8;8;8;8;8;8;8;41;41;41;41;41;41;41;41;41;41;41;41;1;1;1;1;1;1;1;1;1;1;1
"261";"2021-09-08";"alle";20;20;20;20;20;20;20;20;20;20;20;20;92;92;92;92;92;92;92;92;92;92;92;92;NA;NA;NA;NA;NA;NA;NA;NA;NA;NA;NA
"262";"2021-09-07";"0-60";8;8;8;8;8;8;8;8;8;8;8;8;49;49;49;49;49;49;49;49;49;49;49;49;1;1;1;1;1;1;1;1;1;1;1
"263";"2021-09-07";"60+";9;9;9;9;9;9;9;9;9;9;9;9;40;40;40;40;40;40;40;40;40;40;40;40;1;1;1;1;1;1;1;1;1;1;1
"264";"2021-09-07";"alle";17;17;17;17;17;17;17;17;17;17;17;17;89;89;89;89;89;89;89;89;89;89;89;89;NA;NA;NA;NA;NA;NA;NA;NA;NA;NA;NA
"265";"2021-09-06";"0-60";8;8;8;8;8;8;8;8;8;8;8;8;50;50;50;50;50;50;50;50;50;50;50;50;1;1;1;1;1;1;1;1;1;1;1
"266";"2021-09-06";"60+";3;3;3;3;3;3;3;3;3;3;3;3;37;37;37;37;37;37;37;37;37;37;37;37;1;1;1;1;1;1;1;1;1;1;1
"267";"2021-09-06";"alle";11;11;11;11;11;11;11;11;11;11;11;11;87;87;87;87;87;87;87;87;87;87;87;87;NA;NA;NA;NA;NA;NA;NA;NA;NA;NA;NA
"268";"2021-09-05";"0-60";4;4;4;4;4;4;4;4;4;4;4;4;45;45;45;45;45;45;45;45;45;45;45;45;1;1;1;1;1;1;1;1;1;1;1
"269";"2021-09-05";"60+";4;4;4;4;4;4;4;4;4;4;4;4;36;36;36;36;36;36;36;36;36;36;36;36;1;1;1;1;1;1;1;1;1;1;1
"270";"2021-09-05";"alle";8;8;8;8;8;8;8;8;8;8;8;8;81;81;81;81;81;81;81;81;81;81;81;81;NA;NA;NA;NA;NA;NA;NA;NA;NA;NA;NA
"271";"2021-09-04";"0-60";6;6;6;6;6;6;6;6;6;6;6;6;43;43;43;43;43;43;43;43;43;43;43;43;1;1;1;1;1;1;1;1;1;1;1
"272";"2021-09-04";"60+";5;5;5;5;5;5;5;5;5;5;5;5;38;38;38;38;38;38;38;38;38;38;38;38;1;1;1;1;1;1;1;1;1;1;1
"273";"2021-09-04";"alle";11;11;11;11;11;11;11;11;11;11;11;11;81;81;81;81;81;81;81;81;81;81;81;81;NA;NA;NA;NA;NA;NA;NA;NA;NA;NA;NA
"274";"2021-09-03";"0-60";4;4;4;4;4;4;4;4;4;4;4;4;42;42;42;42;42;42;42;42;42;42;42;42;1;1;1;1;1;1;1;1;1;1;1
"275";"2021-09-03";"60+";4;4;4;4;4;4;4;4;4;4;4;4;37;37;37;37;37;37;37;37;37;37;37;37;1;1;1;1;1;1;1;1;1;1;1
"276";"2021-09-03";"alle";8;8;8;8;8;8;8;8;8;8;8;8;79;79;79;79;79;79;79;79;79;79;79;79;NA;NA;NA;NA;NA;NA;NA;NA;NA;NA;NA
"277";"2021-09-02";"0-60";9;9;9;9;9;9;9;9;9;9;9;9;48;48;48;48;48;48;48;48;48;48;48;48;1;1;1;1;1;1;1;1;1;1;1
"278";"2021-09-02";"60+";8;8;8;8;8;8;8;8;8;8;8;8;37;37;37;37;37;37;37;37;37;37;37;37;1;1;1;1;1;1;1;1;1;1;1
"279";"2021-09-02";"alle";17;17;17;17;17;17;17;17;17;17;17;17;85;85;85;85;85;85;85;85;85;85;85;85;NA;NA;NA;NA;NA;NA;NA;NA;NA;NA;NA
"280";"2021-09-01";"0-60";10;10;10;10;10;10;10;10;10;10;10;10;45;45;45;45;45;45;45;45;45;45;45;45;1;1;1;1;1;1;1;1;1;1;1
"281";"2021-09-01";"60+";7;7;7;7;7;7;7;7;7;7;7;7;31;31;31;31;31;31;31;31;31;31;31;31;1;1;1;1;1;1;1;1;1;1;1
"282";"2021-09-01";"alle";17;17;17;17;17;17;17;17;17;17;17;17;76;76;76;76;76;76;76;76;76;76;76;76;NA;NA;NA;NA;NA;NA;NA;NA;NA;NA;NA
"283";"2021-08-31";"0-60";9;9;9;9;9;9;9;9;9;9;9;9;44;44;44;44;44;44;44;44;44;44;44;44;1;1;1;1;1;1;1;1;1;1;1
"284";"2021-08-31";"60+";6;6;6;6;6;6;6;6;6;6;6;6;32;32;32;32;32;32;32;32;32;32;32;32;1;1;1;1;1;1;1;1;1;1;1
"285";"2021-08-31";"alle";15;15;15;15;15;15;15;15;15;15;15;15;76;76;76;76;76;76;76;76;76;76;76;76;NA;NA;NA;NA;NA;NA;NA;NA;NA;NA;NA
"286";"2021-08-30";"0-60";3;3;3;3;3;3;3;3;3;3;3;3;39;39;39;39;39;39;39;39;39;39;39;39;1;1;1;1;1;1;1;1;1;1;1
"287";"2021-08-30";"60+";2;2;2;2;2;2;2;2;2;2;2;2;32;32;32;32;32;32;32;32;32;32;32;32;1;1;1;1;1;1;1;1;1;1;1
"288";"2021-08-30";"alle";5;5;5;5;5;5;5;5;5;5;5;5;71;71;71;71;71;71;71;71;71;71;71;71;NA;NA;NA;NA;NA;NA;NA;NA;NA;NA;NA
"289";"2021-08-29";"0-60";2;2;2;2;2;2;2;2;2;2;2;2;40;40;40;40;40;40;40;40;40;40;40;40;1;1;1;1;1;1;1;1;1;1;1
"290";"2021-08-29";"60+";6;6;6;6;6;6;6;6;6;6;6;6;31;31;31;31;31;31;31;31;31;31;31;31;1;1;1;1;1;1;1;1;1;1;1
"291";"2021-08-29";"alle";8;8;8;8;8;8;8;8;8;8;8;8;71;71;71;71;71;71;71;71;71;71;71;71;NA;NA;NA;NA;NA;NA;NA;NA;NA;NA;NA
"292";"2021-08-28";"0-60";5;5;5;5;5;5;5;5;5;5;5;5;41;41;41;41;41;41;41;41;41;41;41;41;1;1;1;1;1;1;1;1;1;1;1
"293";"2021-08-28";"60+";4;4;4;4;4;4;4;4;4;4;4;4;26;26;26;26;26;26;26;26;26;26;26;26;1;1;1;1;1;1;1;1;1;1;1
"294";"2021-08-28";"alle";9;9;9;9;9;9;9;9;9;9;9;9;67;67;67;67;67;67;67;67;67;67;67;67;NA;NA;NA;NA;NA;NA;NA;NA;NA;NA;NA
"295";"2021-08-27";"0-60";10;10;10;10;10;10;10;10;10;10;10;10;45;45;45;45;45;45;45;45;45;45;45;45;1;1;1;1;1;1;1;1;1;1;1
"296";"2021-08-27";"60+";4;4;4;4;4;4;4;4;4;4;4;4;27;27;27;27;27;27;27;27;27;27;27;27;1;1;1;1;1;1;1;1;1;1;1
"297";"2021-08-27";"alle";14;14;14;14;14;14;14;14;14;14;14;14;72;72;72;72;72;72;72;72;72;72;72;72;NA;NA;NA;NA;NA;NA;NA;NA;NA;NA;NA
"298";"2021-08-26";"0-60";6;6;6;6;6;6;6;6;6;6;6;6;38;38;38;38;38;38;38;38;38;38;38;38;1;1;1;1;1;1;1;1;1;1;1
"299";"2021-08-26";"60+";2;2;2;2;2;2;2;2;2;2;2;2;30;30;30;30;30;30;30;30;30;30;30;30;1;1;1;1;1;1;1;1;1;1;1
"300";"2021-08-26";"alle";8;8;8;8;8;8;8;8;8;8;8;8;68;68;68;68;68;68;68;68;68;68;68;68;NA;NA;NA;NA;NA;NA;NA;NA;NA;NA;NA
"301";"2021-08-25";"0-60";9;9;9;9;9;9;9;9;9;9;9;9;37;37;37;37;37;37;37;37;37;37;37;37;1;1;1;1;1;1;1;1;1;1;1
"302";"2021-08-25";"60+";8;8;8;8;8;8;8;8;8;8;8;8;30;30;30;30;30;30;30;30;30;30;30;30;1;1;1;1;1;1;1;1;1;1;1
"303";"2021-08-25";"alle";17;17;17;17;17;17;17;17;17;17;17;17;67;67;67;67;67;67;67;67;67;67;67;67;NA;NA;NA;NA;NA;NA;NA;NA;NA;NA;NA
"304";"2021-08-24";"0-60";4;4;4;4;4;4;4;4;4;4;4;4;42;42;42;42;42;42;42;42;42;42;42;42;1;1;1;1;1;1;1;1;1;1;1
"305";"2021-08-24";"60+";6;6;6;6;6;6;6;6;6;6;6;6;25;25;25;25;25;25;25;25;25;25;25;25;1;1;1;1;1;1;1;1;1;1;1
"306";"2021-08-24";"alle";10;10;10;10;10;10;10;10;10;10;10;10;67;67;67;67;67;67;67;67;67;67;67;67;NA;NA;NA;NA;NA;NA;NA;NA;NA;NA;NA
"307";"2021-08-23";"0-60";4;4;4;4;4;4;4;4;4;4;4;4;42;42;42;42;42;42;42;42;42;42;42;42;1;1;1;1;1;1;1;1;1;1;1
"308";"2021-08-23";"60+";1;1;1;1;1;1;1;1;1;1;1;1;20;20;20;20;20;20;20;20;20;20;20;20;1;1;1;1;1;1;1;1;1;1;1
"309";"2021-08-23";"alle";5;5;5;5;5;5;5;5;5;5;5;5;62;62;62;62;62;62;62;62;62;62;62;62;NA;NA;NA;NA;NA;NA;NA;NA;NA;NA;NA
"310";"2021-08-22";"0-60";3;3;3;3;3;3;3;3;3;3;3;3;41;41;41;41;41;41;41;41;41;41;41;41;1;1;1;1;1;1;1;1;1;1;1
"311";"2021-08-22";"60+";1;1;1;1;1;1;1;1;1;1;1;1;23;23;23;23;23;23;23;23;23;23;23;23;1;1;1;1;1;1;1;1;1;1;1
"312";"2021-08-22";"alle";4;4;4;4;4;4;4;4;4;4;4;4;64;64;64;64;64;64;64;64;64;64;64;64;NA;NA;NA;NA;NA;NA;NA;NA;NA;NA;NA
"313";"2021-08-21";"0-60";9;9;9;9;9;9;9;9;9;9;9;9;44;44;44;44;44;44;44;44;44;44;44;44;1;1;1;1;1;1;1;1;1;1;1
"314";"2021-08-21";"60+";5;5;5;5;5;5;5;5;5;5;5;5;26;26;26;26;26;26;26;26;26;26;26;26;1;1;1;1;1;1;1;1;1;1;1
"315";"2021-08-21";"alle";14;14;14;14;14;14;14;14;14;14;14;14;70;70;70;70;70;70;70;70;70;70;70;70;NA;NA;NA;NA;NA;NA;NA;NA;NA;NA;NA
"316";"2021-08-20";"0-60";3;3;3;3;3;3;3;3;3;3;3;3;40;40;40;40;40;40;40;40;40;40;40;40;1;1;1;1;1;1;1;1;1;1;1
"317";"2021-08-20";"60+";7;7;7;7;7;7;7;7;7;7;7;7;26;26;26;26;26;26;26;26;26;26;26;26;1;1;1;1;1;1;1;1;1;1;1
"318";"2021-08-20";"alle";10;10;10;10;10;10;10;10;10;10;10;10;66;66;66;66;66;66;66;66;66;66;66;66;NA;NA;NA;NA;NA;NA;NA;NA;NA;NA;NA
"319";"2021-08-19";"0-60";5;5;5;5;5;5;5;5;5;5;5;5;39;39;39;39;39;39;39;39;39;39;39;39;1;1;1;1;1;1;1;1;1;1;1
"320";"2021-08-19";"60+";2;2;2;2;2;2;2;2;2;2;2;2;25;25;25;25;25;25;25;25;25;25;25;25;1;1;1;1;1;1;1;1;1;1;1
"321";"2021-08-19";"alle";7;7;7;7;7;7;7;7;7;7;7;7;64;64;64;64;64;64;64;64;64;64;64;64;NA;NA;NA;NA;NA;NA;NA;NA;NA;NA;NA
"322";"2021-08-18";"0-60";14;14;14;14;14;14;14;14;14;14;14;14;40;40;40;40;40;40;40;40;40;40;40;40;1;1;1;1;1;1;1;1;1;1;1
"323";"2021-08-18";"60+";3;3;3;3;3;3;3;3;3;3;3;3;26;26;26;26;26;26;26;26;26;26;26;26;1;1;1;1;1;1;1;1;1;1;1
"324";"2021-08-18";"alle";17;17;17;17;17;17;17;17;17;17;17;17;66;66;66;66;66;66;66;66;66;66;66;66;NA;NA;NA;NA;NA;NA;NA;NA;NA;NA;NA
"325";"2021-08-17";"0-60";4;4;4;4;4;4;4;4;4;4;4;4;30;30;30;30;30;30;30;30;30;30;30;30;1;1;1;1;1;1;1;1;1;1;1
"326";"2021-08-17";"60+";1;1;1;1;1;1;1;1;1;1;1;1;25;25;25;25;25;25;25;25;25;25;25;25;1;1;1;1;1;1;1;1;1;1;1
"327";"2021-08-17";"alle";5;5;5;5;5;5;5;5;5;5;5;5;55;55;55;55;55;55;55;55;55;55;55;55;NA;NA;NA;NA;NA;NA;NA;NA;NA;NA;NA
"328";"2021-08-16";"0-60";3;3;3;3;3;3;3;3;3;3;3;3;29;29;29;29;29;29;29;29;29;29;29;29;1;1;1;1;1;1;1;1;1;1;1
"329";"2021-08-16";"60+";4;4;4;4;4;4;4;4;4;4;4;4;28;28;28;28;28;28;28;28;28;28;28;28;1;1;1;1;1;1;1;1;1;1;1
"330";"2021-08-16";"alle";7;7;7;7;7;7;7;7;7;7;7;7;57;57;57;57;57;57;57;57;57;57;57;57;NA;NA;NA;NA;NA;NA;NA;NA;NA;NA;NA
"331";"2021-08-15";"0-60";6;6;6;6;6;6;6;6;6;6;6;6;28;28;28;28;28;28;28;28;28;28;28;28;1;1;1;1;1;1;1;1;1;1;1
"332";"2021-08-15";"60+";4;4;4;4;4;4;4;4;4;4;4;4;25;25;25;25;25;25;25;25;25;25;25;25;1;1;1;1;1;1;1;1;1;1;1
"333";"2021-08-15";"alle";10;10;10;10;10;10;10;10;10;10;10;10;53;53;53;53;53;53;53;53;53;53;53;53;NA;NA;NA;NA;NA;NA;NA;NA;NA;NA;NA
"334";"2021-08-14";"0-60";5;5;5;5;5;5;5;5;5;5;5;5;26;26;26;26;26;26;26;26;26;26;26;26;1;1;1;1;1;1;1;1;1;1;1
"335";"2021-08-14";"60+";5;5;5;5;5;5;5;5;5;5;5;5;24;24;24;24;24;24;24;24;24;24;24;24;1;1;1;1;1;1;1;1;1;1;1
"336";"2021-08-14";"alle";10;10;10;10;10;10;10;10;10;10;10;10;50;50;50;50;50;50;50;50;50;50;50;50;NA;NA;NA;NA;NA;NA;NA;NA;NA;NA;NA
"337";"2021-08-13";"0-60";2;2;2;2;2;2;2;2;2;2;2;2;26;26;26;26;26;26;26;26;26;26;26;26;1;1;1;1;1;1;1;1;1;1;1
"338";"2021-08-13";"60+";6;6;6;6;6;6;6;6;6;6;6;6;21;21;21;21;21;21;21;21;21;21;21;21;1;1;1;1;1;1;1;1;1;1;1
"339";"2021-08-13";"alle";8;8;8;8;8;8;8;8;8;8;8;8;47;47;47;47;47;47;47;47;47;47;47;47;NA;NA;NA;NA;NA;NA;NA;NA;NA;NA;NA
"340";"2021-08-12";"0-60";6;6;6;6;6;6;6;6;6;6;6;6;31;31;31;31;31;31;31;31;31;31;31;31;1;1;1;1;1;1;1;1;1;1;1
"341";"2021-08-12";"60+";3;3;3;3;3;3;3;3;3;3;3;3;15;15;15;15;15;15;15;15;15;15;15;15;1;1;1;1;1;1;1;1;1;1;1
"342";"2021-08-12";"alle";9;9;9;9;9;9;9;9;9;9;9;9;46;46;46;46;46;46;46;46;46;46;46;46;NA;NA;NA;NA;NA;NA;NA;NA;NA;NA;NA
"343";"2021-08-11";"0-60";4;4;4;4;4;4;4;4;4;4;4;4;34;34;34;34;34;34;34;34;34;34;34;34;1;1;1;1;1;1;1;1;1;1;1
"344";"2021-08-11";"60+";2;2;2;2;2;2;2;2;2;2;2;2;14;14;14;14;14;14;14;14;14;14;14;14;1;1;1;1;1;1;1;1;1;1;1
"345";"2021-08-11";"alle";6;6;6;6;6;6;6;6;6;6;6;6;48;48;48;48;48;48;48;48;48;48;48;48;NA;NA;NA;NA;NA;NA;NA;NA;NA;NA;NA
"346";"2021-08-10";"0-60";3;3;3;3;3;3;3;3;3;3;3;3;34;34;34;34;34;34;34;34;34;34;34;34;1;1;1;1;1;1;1;1;1;1;1
"347";"2021-08-10";"60+";4;4;4;4;4;4;4;4;4;4;4;4;16;16;16;16;16;16;16;16;16;16;16;16;1;1;1;1;1;1;1;1;1;1;1
"348";"2021-08-10";"alle";7;7;7;7;7;7;7;7;7;7;7;7;50;50;50;50;50;50;50;50;50;50;50;50;NA;NA;NA;NA;NA;NA;NA;NA;NA;NA;NA
"349";"2021-08-09";"0-60";2;2;2;2;2;2;2;2;2;2;2;2;33;33;33;33;33;33;33;33;33;33;33;33;1;1;1;1;1;1;1;1;1;1;1
"350";"2021-08-09";"60+";1;1;1;1;1;1;1;1;1;1;1;1;13;13;13;13;13;13;13;13;13;13;13;13;1;1;1;1;1;1;1;1;1;1;1
"351";"2021-08-09";"alle";3;3;3;3;3;3;3;3;3;3;3;3;46;46;46;46;46;46;46;46;46;46;46;46;NA;NA;NA;NA;NA;NA;NA;NA;NA;NA;NA
"352";"2021-08-08";"0-60";4;4;4;4;4;4;4;4;4;4;4;4;33;33;33;33;33;33;33;33;33;33;33;33;1;1;1;1;1;1;1;1;1;1;1
"353";"2021-08-08";"60+";3;3;3;3;3;3;3;3;3;3;3;3;15;15;15;15;15;15;15;15;15;15;15;15;1;1;1;1;1;1;1;1;1;1;1
"354";"2021-08-08";"alle";7;7;7;7;7;7;7;7;7;7;7;7;48;48;48;48;48;48;48;48;48;48;48;48;NA;NA;NA;NA;NA;NA;NA;NA;NA;NA;NA
"355";"2021-08-07";"0-60";5;5;5;5;5;5;5;5;5;5;5;5;31;31;31;31;31;31;31;31;31;31;31;31;1;1;1;1;1;1;1;1;1;1;1
"356";"2021-08-07";"60+";2;2;2;2;2;2;2;2;2;2;2;2;13;13;13;13;13;13;13;13;13;13;13;13;1;1;1;1;1;1;1;1;1;1;1
"357";"2021-08-07";"alle";7;7;7;7;7;7;7;7;7;7;7;7;44;44;44;44;44;44;44;44;44;44;44;44;NA;NA;NA;NA;NA;NA;NA;NA;NA;NA;NA
"358";"2021-08-06";"0-60";7;7;7;7;7;7;7;7;7;7;7;7;26;26;26;26;26;26;26;26;26;26;26;26;1;1;1;1;1;1;1;1;1;1;1
"359";"2021-08-06";"60+";0;0;0;0;0;0;0;0;0;0;0;0;15;15;15;15;15;15;15;15;15;15;15;15;1;1;1;1;1;1;1;1;1;1;1
"360";"2021-08-06";"alle";7;7;7;7;7;7;7;7;7;7;7;7;41;41;41;41;41;41;41;41;41;41;41;41;NA;NA;NA;NA;NA;NA;NA;NA;NA;NA;NA
"361";"2021-08-05";"0-60";9;9;9;9;9;9;9;9;9;9;9;9;22;22;22;22;22;22;22;22;22;22;22;22;1;1;1;1;1;1;1;1;1;1;1
"362";"2021-08-05";"60+";2;2;2;2;2;2;2;2;2;2;2;2;16;16;16;16;16;16;16;16;16;16;16;16;1;1;1;1;1;1;1;1;1;1;1
"363";"2021-08-05";"alle";11;11;11;11;11;11;11;11;11;11;11;11;38;38;38;38;38;38;38;38;38;38;38;38;NA;NA;NA;NA;NA;NA;NA;NA;NA;NA;NA
"364";"2021-08-04";"0-60";4;4;4;4;4;4;4;4;4;4;4;4;16;16;16;16;16;16;16;16;16;16;16;16;1;1;1;1;1;1;1;1;1;1;1
"365";"2021-08-04";"60+";4;4;4;4;4;4;4;4;4;4;4;4;18;18;18;18;18;18;18;18;18;18;18;18;1;1;1;1;1;1;1;1;1;1;1
"366";"2021-08-04";"alle";8;8;8;8;8;8;8;8;8;8;8;8;34;34;34;34;34;34;34;34;34;34;34;34;NA;NA;NA;NA;NA;NA;NA;NA;NA;NA;NA
"367";"2021-08-03";"0-60";2;2;2;2;2;2;2;2;2;2;2;2;13;13;13;13;13;13;13;13;13;13;13;13;1;1;1;1;1;1;1;1;1;1;1
"368";"2021-08-03";"60+";1;1;1;1;1;1;1;1;1;1;1;1;18;18;18;18;18;18;18;18;18;18;18;18;1;1;1;1;1;1;1;1;1;1;1
"369";"2021-08-03";"alle";3;3;3;3;3;3;3;3;3;3;3;3;31;31;31;31;31;31;31;31;31;31;31;31;NA;NA;NA;NA;NA;NA;NA;NA;NA;NA;NA
"370";"2021-08-02";"0-60";2;2;2;2;2;2;2;2;2;2;2;2;11;11;11;11;11;11;11;11;11;11;11;11;1;1;1;1;1;1;1;1;1;1;1
"371";"2021-08-02";"60+";3;3;3;3;3;3;3;3;3;3;3;3;17;17;17;17;17;17;17;17;17;17;17;17;1;1;1;1;1;1;1;1;1;1;1
"372";"2021-08-02";"alle";5;5;5;5;5;5;5;5;5;5;5;5;28;28;28;28;28;28;28;28;28;28;28;28;NA;NA;NA;NA;NA;NA;NA;NA;NA;NA;NA
"373";"2021-08-01";"0-60";2;2;2;2;2;2;2;2;2;2;2;2;9;9;9;9;9;9;9;9;9;9;9;9;1;1;1;1;1;1;1;1;1;1;1
"374";"2021-08-01";"60+";1;1;1;1;1;1;1;1;1;1;1;1;14;14;14;14;14;14;14;14;14;14;14;14;1;1;1;1;1;1;1;1;1;1;1
"375";"2021-08-01";"alle";3;3;3;3;3;3;3;3;3;3;3;3;23;23;23;23;23;23;23;23;23;23;23;23;NA;NA;NA;NA;NA;NA;NA;NA;NA;NA;NA
"376";"2021-07-31";"0-60";0;0;0;0;0;0;0;0;0;0;0;0;10;10;10;10;10;10;10;10;10;10;10;10;1;1;1;1;1;1;1;1;1;1;1
"377";"2021-07-31";"60+";4;4;4;4;4;4;4;4;4;4;4;4;14;14;14;14;14;14;14;14;14;14;14;14;1;1;1;1;1;1;1;1;1;1;1
"378";"2021-07-31";"alle";4;4;4;4;4;4;4;4;4;4;4;4;24;24;24;24;24;24;24;24;24;24;24;24;NA;NA;NA;NA;NA;NA;NA;NA;NA;NA;NA
"379";"2021-07-30";"0-60";3;3;3;3;3;3;3;3;3;3;3;3;15;15;15;15;15;15;15;15;15;15;15;15;1;1;1;1;1;1;1;1;1;1;1
"380";"2021-07-30";"60+";1;1;1;1;1;1;1;1;1;1;1;1;10;10;10;10;10;10;10;10;10;10;10;10;1;1;1;1;1;1;1;1;1;1;1
"381";"2021-07-30";"alle";4;4;4;4;4;4;4;4;4;4;4;4;25;25;25;25;25;25;25;25;25;25;25;25;NA;NA;NA;NA;NA;NA;NA;NA;NA;NA;NA
"382";"2021-07-29";"0-60";3;3;3;3;3;3;3;3;3;3;3;3;12;12;12;12;12;12;12;12;12;12;12;12;1;1;1;1;1;1;1;1;1;1;1
"383";"2021-07-29";"60+";4;4;4;4;4;4;4;4;4;4;4;4;9;9;9;9;9;9;9;9;9;9;9;9;1;1;1;1;1;1;1;1;1;1;1
"384";"2021-07-29";"alle";7;7;7;7;7;7;7;7;7;7;7;7;21;21;21;21;21;21;21;21;21;21;21;21;NA;NA;NA;NA;NA;NA;NA;NA;NA;NA;NA
"385";"2021-07-28";"0-60";1;1;1;1;1;1;1;1;1;1;1;1;14;14;14;14;14;14;14;14;14;14;14;14;1;1;1;1;1;1;1;1;1;1;1
"386";"2021-07-28";"60+";4;4;4;4;4;4;4;4;4;4;4;4;5;5;5;5;5;5;5;5;5;5;5;5;1;1;1;1;1;1;1;1;1;1;1
"387";"2021-07-28";"alle";5;5;5;5;5;5;5;5;5;5;5;5;19;19;19;19;19;19;19;19;19;19;19;19;NA;NA;NA;NA;NA;NA;NA;NA;NA;NA;NA
"388";"2021-07-27";"0-60";0;0;0;0;0;0;0;0;0;0;0;0;14;14;14;14;14;14;14;14;14;14;14;14;1;1;1;1;1;1;1;1;1;1;1
"389";"2021-07-27";"60+";0;0;0;0;0;0;0;0;0;0;0;0;1;1;1;1;1;1;1;1;1;1;1;1;1;1;1;1;1;1;1;1;1;1;1
"390";"2021-07-27";"alle";0;0;0;0;0;0;0;0;0;0;0;0;15;15;15;15;15;15;15;15;15;15;15;15;NA;NA;NA;NA;NA;NA;NA;NA;NA;NA;NA
"391";"2021-07-26";"0-60";0;0;0;0;0;0;0;0;0;0;0;0;15;15;15;15;15;15;15;15;15;15;15;15;1;1;1;1;1;1;1;1;1;1;1
"392";"2021-07-26";"60+";0;0;0;0;0;0;0;0;0;0;0;0;2;2;2;2;2;2;2;2;2;2;2;2;1;1;1;1;1;1;1;1;1;1;1
"393";"2021-07-26";"alle";0;0;0;0;0;0;0;0;0;0;0;0;17;17;17;17;17;17;17;17;17;17;17;17;NA;NA;NA;NA;NA;NA;NA;NA;NA;NA;NA
"394";"2021-07-25";"0-60";3;3;3;3;3;3;3;3;3;3;3;3;17;17;17;17;17;17;17;17;17;17;17;17;1;1;1;1;1;1;1;1;1;1;1
"395";"2021-07-25";"60+";1;1;1;1;1;1;1;1;1;1;1;1;3;3;3;3;3;3;3;3;3;3;3;3;1;1;1;1;1;1;1;1;1;1;1
"396";"2021-07-25";"alle";4;4;4;4;4;4;4;4;4;4;4;4;20;20;20;20;20;20;20;20;20;20;20;20;NA;NA;NA;NA;NA;NA;NA;NA;NA;NA;NA
"397";"2021-07-24";"0-60";5;5;5;5;5;5;5;5;5;5;5;5;15;15;15;15;15;15;15;15;15;15;15;15;1;1;1;1;1;1;1;1;1;1;1
"398";"2021-07-24";"60+";0;0;0;0;0;0;0;0;0;0;0;0;3;3;3;3;3;3;3;3;3;3;3;3;1;1;1;1;1;1;1;1;1;1;1
"399";"2021-07-24";"alle";5;5;5;5;5;5;5;5;5;5;5;5;18;18;18;18;18;18;18;18;18;18;18;18;NA;NA;NA;NA;NA;NA;NA;NA;NA;NA;NA
"400";"2021-07-23";"0-60";0;0;0;0;0;0;0;0;0;0;0;0;11;11;11;11;11;11;11;11;11;11;11;11;1;1;1;1;1;1;1;1;1;1;1
"401";"2021-07-23";"60+";0;0;0;0;0;0;0;0;0;0;0;0;3;3;3;3;3;3;3;3;3;3;3;3;1;1;1;1;1;1;1;1;1;1;1
"402";"2021-07-23";"alle";0;0;0;0;0;0;0;0;0;0;0;0;14;14;14;14;14;14;14;14;14;14;14;14;NA;NA;NA;NA;NA;NA;NA;NA;NA;NA;NA
"403";"2021-07-22";"0-60";5;5;5;5;5;5;5;5;5;5;5;5;11;11;11;11;11;11;11;11;11;11;11;11;1;1;1;1;1;1;1;1;1;1;1
"404";"2021-07-22";"60+";0;0;0;0;0;0;0;0;0;0;0;0;3;3;3;3;3;3;3;3;3;3;3;3;1;1;1;1;1;1;1;1;1;1;1
"405";"2021-07-22";"alle";5;5;5;5;5;5;5;5;5;5;5;5;14;14;14;14;14;14;14;14;14;14;14;14;NA;NA;NA;NA;NA;NA;NA;NA;NA;NA;NA
"406";"2021-07-21";"0-60";1;1;1;1;1;1;1;1;1;1;1;1;9;9;9;9;9;9;9;9;9;9;9;9;1;1;1;1;1;1;1;1;1;1;1
"407";"2021-07-21";"60+";0;0;0;0;0;0;0;0;0;0;0;0;4;4;4;4;4;4;4;4;4;4;4;4;1;1;1;1;1;1;1;1;1;1;1
"408";"2021-07-21";"alle";1;1;1;1;1;1;1;1;1;1;1;1;13;13;13;13;13;13;13;13;13;13;13;13;NA;NA;NA;NA;NA;NA;NA;NA;NA;NA;NA
"409";"2021-07-20";"0-60";1;1;1;1;1;1;1;1;1;1;1;1;9;9;9;9;9;9;9;9;9;9;9;9;1;1;1;1;1;1;1;1;1;1;1
"410";"2021-07-20";"60+";1;1;1;1;1;1;1;1;1;1;1;1;6;6;6;6;6;6;6;6;6;6;6;6;1;1;1;1;1;1;1;1;1;1;1
"411";"2021-07-20";"alle";2;2;2;2;2;2;2;2;2;2;2;2;15;15;15;15;15;15;15;15;15;15;15;15;NA;NA;NA;NA;NA;NA;NA;NA;NA;NA;NA
"412";"2021-07-19";"0-60";2;2;2;2;2;2;2;2;2;2;2;2;12;12;12;12;12;12;12;12;12;12;12;12;1;1;1;1;1;1;1;1;1;1;1
"413";"2021-07-19";"60+";1;1;1;1;1;1;1;1;1;1;1;1;5;5;5;5;5;5;5;5;5;5;5;5;1;1;1;1;1;1;1;1;1;1;1
"414";"2021-07-19";"alle";3;3;3;3;3;3;3;3;3;3;3;3;17;17;17;17;17;17;17;17;17;17;17;17;NA;NA;NA;NA;NA;NA;NA;NA;NA;NA;NA
"415";"2021-07-18";"0-60";1;1;1;1;1;1;1;1;1;1;1;1;11;11;11;11;11;11;11;11;11;11;11;11;1;1;1;1;1;1;1;1;1;1;1
"416";"2021-07-18";"60+";1;1;1;1;1;1;1;1;1;1;1;1;4;4;4;4;4;4;4;4;4;4;4;4;1;1;1;1;1;1;1;1;1;1;1
"417";"2021-07-18";"alle";2;2;2;2;2;2;2;2;2;2;2;2;15;15;15;15;15;15;15;15;15;15;15;15;NA;NA;NA;NA;NA;NA;NA;NA;NA;NA;NA
"418";"2021-07-17";"0-60";1;1;1;1;1;1;1;1;1;1;1;1;13;13;13;13;13;13;13;13;13;13;13;13;1;1;1;1;1;1;1;1;1;1;1
"419";"2021-07-17";"60+";0;0;0;0;0;0;0;0;0;0;0;0;3;3;3;3;3;3;3;3;3;3;3;3;1;1;1;1;1;1;1;1;1;1;1
"420";"2021-07-17";"alle";1;1;1;1;1;1;1;1;1;1;1;1;16;16;16;16;16;16;16;16;16;16;16;16;NA;NA;NA;NA;NA;NA;NA;NA;NA;NA;NA
"421";"2021-07-16";"0-60";0;0;0;0;0;0;0;0;0;0;0;0;12;12;12;12;12;12;12;12;12;12;12;12;1;1;1;1;1;1;1;1;1;1;1
"422";"2021-07-16";"60+";0;0;0;0;0;0;0;0;0;0;0;0;3;3;3;3;3;3;3;3;3;3;3;3;1;1;1;1;1;1;1;1;1;1;1
"423";"2021-07-16";"alle";0;0;0;0;0;0;0;0;0;0;0;0;15;15;15;15;15;15;15;15;15;15;15;15;NA;NA;NA;NA;NA;NA;NA;NA;NA;NA;NA
"424";"2021-07-15";"0-60";3;3;3;3;3;3;3;3;3;3;3;3;12;12;12;12;12;12;12;12;12;12;12;12;1;1;1;1;1;1;1;1;1;1;1
"425";"2021-07-15";"60+";1;1;1;1;1;1;1;1;1;1;1;1;3;3;3;3;3;3;3;3;3;3;3;3;1;1;1;1;1;1;1;1;1;1;1
"426";"2021-07-15";"alle";4;4;4;4;4;4;4;4;4;4;4;4;15;15;15;15;15;15;15;15;15;15;15;15;NA;NA;NA;NA;NA;NA;NA;NA;NA;NA;NA
"427";"2021-07-14";"0-60";1;1;1;1;1;1;1;1;1;1;1;1;10;10;10;10;10;10;10;10;10;10;10;10;1;1;1;1;1;1;1;1;1;1;1
"428";"2021-07-14";"60+";2;2;2;2;2;2;2;2;2;2;2;2;3;3;3;3;3;3;3;3;3;3;3;3;1;1;1;1;1;1;1;1;1;1;1
"429";"2021-07-14";"alle";3;3;3;3;3;3;3;3;3;3;3;3;13;13;13;13;13;13;13;13;13;13;13;13;NA;NA;NA;NA;NA;NA;NA;NA;NA;NA;NA
"430";"2021-07-13";"0-60";4;4;4;4;4;4;4;4;4;4;4;4;11;11;11;11;11;11;11;11;11;11;11;11;1;1;1;1;1;1;1;1;1;1;1
"431";"2021-07-13";"60+";0;0;0;0;0;0;0;0;0;0;0;0;1;1;1;1;1;1;1;1;1;1;1;1;1;1;1;1;1;1;1;1;1;1;1
"432";"2021-07-13";"alle";4;4;4;4;4;4;4;4;4;4;4;4;12;12;12;12;12;12;12;12;12;12;12;12;NA;NA;NA;NA;NA;NA;NA;NA;NA;NA;NA
"433";"2021-07-12";"0-60";1;1;1;1;1;1;1;1;1;1;1;1;7;7;7;7;7;7;7;7;7;7;7;7;1;1;1;1;1;1;1;1;1;1;1
"434";"2021-07-12";"60+";0;0;0;0;0;0;0;0;0;0;0;0;1;1;1;1;1;1;1;1;1;1;1;1;1;1;1;1;1;1;1;1;1;1;1
"435";"2021-07-12";"alle";1;1;1;1;1;1;1;1;1;1;1;1;8;8;8;8;8;8;8;8;8;8;8;8;NA;NA;NA;NA;NA;NA;NA;NA;NA;NA;NA
"436";"2021-07-11";"0-60";3;3;3;3;3;3;3;3;3;3;3;3;6;6;6;6;6;6;6;6;6;6;6;6;1;1;1;1;1;1;1;1;1;1;1
"437";"2021-07-11";"60+";0;0;0;0;0;0;0;0;0;0;0;0;2;2;2;2;2;2;2;2;2;2;2;2;1;1;1;1;1;1;1;1;1;1;1
"438";"2021-07-11";"alle";3;3;3;3;3;3;3;3;3;3;3;3;8;8;8;8;8;8;8;8;8;8;8;8;NA;NA;NA;NA;NA;NA;NA;NA;NA;NA;NA
"439";"2021-07-10";"0-60";0;0;0;0;0;0;0;0;0;0;0;0;4;4;4;4;4;4;4;4;4;4;4;4;1;1;1;1;1;1;1;1;1;1;1
"440";"2021-07-10";"60+";0;0;0;0;0;0;0;0;0;0;0;0;2;2;2;2;2;2;2;2;2;2;2;2;1;1;1;1;1;1;1;1;1;1;1
"441";"2021-07-10";"alle";0;0;0;0;0;0;0;0;0;0;0;0;6;6;6;6;6;6;6;6;6;6;6;6;NA;NA;NA;NA;NA;NA;NA;NA;NA;NA;NA
"442";"2021-07-09";"0-60";0;0;0;0;0;0;0;0;0;0;0;0;9;9;9;9;9;9;9;9;9;9;9;9;1;1;1;1;1;1;1;1;1;1;1
"443";"2021-07-09";"60+";0;0;0;0;0;0;0;0;0;0;0;0;3;3;3;3;3;3;3;3;3;3;3;3;1;1;1;1;1;1;1;1;1;1;1
"444";"2021-07-09";"alle";0;0;0;0;0;0;0;0;0;0;0;0;12;12;12;12;12;12;12;12;12;12;12;12;NA;NA;NA;NA;NA;NA;NA;NA;NA;NA;NA
"445";"2021-07-08";"0-60";1;1;1;1;1;1;1;1;1;1;1;1;13;13;13;13;13;13;13;13;13;13;13;13;1;1;1;1;1;1;1;1;1;1;1
"446";"2021-07-08";"60+";1;1;1;1;1;1;1;1;1;1;1;1;5;5;5;5;5;5;5;5;5;5;5;5;1;1;1;1;1;1;1;1;1;1;1
"447";"2021-07-08";"alle";2;2;2;2;2;2;2;2;2;2;2;2;18;18;18;18;18;18;18;18;18;18;18;18;NA;NA;NA;NA;NA;NA;NA;NA;NA;NA;NA
"448";"2021-07-07";"0-60";2;2;2;2;2;2;2;2;2;2;2;2;13;13;13;13;13;13;13;13;13;13;13;13;1;1;1;1;1;1;1;1;1;1;1
"449";"2021-07-07";"60+";0;0;0;0;0;0;0;0;0;0;0;0;4;4;4;4;4;4;4;4;4;4;4;4;1;1;1;1;1;1;1;1;1;1;1
"450";"2021-07-07";"alle";2;2;2;2;2;2;2;2;2;2;2;2;17;17;17;17;17;17;17;17;17;17;17;17;NA;NA;NA;NA;NA;NA;NA;NA;NA;NA;NA
"451";"2021-07-06";"0-60";0;0;0;0;0;0;0;0;0;0;0;0;12;12;12;12;12;12;12;12;12;12;12;12;1;1;1;1;1;1;1;1;1;1;1
"452";"2021-07-06";"60+";0;0;0;0;0;0;0;0;0;0;0;0;5;5;5;5;5;5;5;5;5;5;5;5;1;1;1;1;1;1;1;1;1;1;1
"453";"2021-07-06";"alle";0;0;0;0;0;0;0;0;0;0;0;0;17;17;17;17;17;17;17;17;17;17;17;17;NA;NA;NA;NA;NA;NA;NA;NA;NA;NA;NA
"454";"2021-07-05";"0-60";0;0;0;0;0;0;0;0;0;0;0;0;13;13;13;13;13;13;13;13;13;13;13;13;1;1;1;1;1;1;1;1;1;1;1
"455";"2021-07-05";"60+";1;1;1;1;1;1;1;1;1;1;1;1;5;5;5;5;5;5;5;5;5;5;5;5;1;1;1;1;1;1;1;1;1;1;1
"456";"2021-07-05";"alle";1;1;1;1;1;1;1;1;1;1;1;1;18;18;18;18;18;18;18;18;18;18;18;18;NA;NA;NA;NA;NA;NA;NA;NA;NA;NA;NA
"457";"2021-07-04";"0-60";1;1;1;1;1;1;1;1;1;1;1;1;13;13;13;13;13;13;13;13;13;13;13;13;1;1;1;1;1;1;1;1;1;1;1
"458";"2021-07-04";"60+";0;0;0;0;0;0;0;0;0;0;0;0;5;5;5;5;5;5;5;5;5;5;5;5;1;1;1;1;1;1;1;1;1;1;1
"459";"2021-07-04";"alle";1;1;1;1;1;1;1;1;1;1;1;1;18;18;18;18;18;18;18;18;18;18;18;18;NA;NA;NA;NA;NA;NA;NA;NA;NA;NA;NA
"460";"2021-07-03";"0-60";5;5;5;5;5;5;5;5;5;5;5;5;13;13;13;13;13;13;13;13;13;13;13;13;1;1;1;1;1;1;1;1;1;1;1
"461";"2021-07-03";"60+";1;1;1;1;1;1;1;1;1;1;1;1;5;5;5;5;5;5;5;5;5;5;5;5;1;1;1;1;1;1;1;1;1;1;1
"462";"2021-07-03";"alle";6;6;6;6;6;6;6;6;6;6;6;6;18;18;18;18;18;18;18;18;18;18;18;18;NA;NA;NA;NA;NA;NA;NA;NA;NA;NA;NA
"463";"2021-07-02";"0-60";4;4;4;4;4;4;4;4;4;4;4;4;8;8;8;8;8;8;8;8;8;8;8;8;1;1;1;1;1;1;1;1;1;1;1
"464";"2021-07-02";"60+";2;2;2;2;2;2;2;2;2;2;2;2;5;5;5;5;5;5;5;5;5;5;5;5;1;1;1;1;1;1;1;1;1;1;1
"465";"2021-07-02";"alle";6;6;6;6;6;6;6;6;6;6;6;6;13;13;13;13;13;13;13;13;13;13;13;13;NA;NA;NA;NA;NA;NA;NA;NA;NA;NA;NA
"466";"2021-07-01";"0-60";1;1;1;1;1;1;1;1;1;1;1;1;4;4;4;4;4;4;4;4;4;4;4;4;1;1;1;1;1;1;1;1;1;1;1
"467";"2021-07-01";"60+";0;0;0;0;0;0;0;0;0;0;0;0;3;3;3;3;3;3;3;3;3;3;3;3;1;1;1;1;1;1;1;1;1;1;1
"468";"2021-07-01";"alle";1;1;1;1;1;1;1;1;1;1;1;1;7;7;7;7;7;7;7;7;7;7;7;7;NA;NA;NA;NA;NA;NA;NA;NA;NA;NA;NA
"469";"2021-06-30";"0-60";1;1;1;1;1;1;1;1;1;1;1;1;4;4;4;4;4;4;4;4;4;4;4;4;1;1;1;1;1;1;1;1;1;1;1
"470";"2021-06-30";"60+";1;1;1;1;1;1;1;1;1;1;1;1;3;3;3;3;3;3;3;3;3;3;3;3;1;1;1;1;1;1;1;1;1;1;1
"471";"2021-06-30";"alle";2;2;2;2;2;2;2;2;2;2;2;2;7;7;7;7;7;7;7;7;7;7;7;7;NA;NA;NA;NA;NA;NA;NA;NA;NA;NA;NA
"472";"2021-06-29";"0-60";1;1;1;1;1;1;1;1;1;1;1;1;4;4;4;4;4;4;4;4;4;4;4;4;1;1;1;1;1;1;1;1;1;1;1
"473";"2021-06-29";"60+";0;0;0;0;0;0;0;0;0;0;0;0;3;3;3;3;3;3;3;3;3;3;3;3;1;1;1;1;1;1;1;1;1;1;1
"474";"2021-06-29";"alle";1;1;1;1;1;1;1;1;1;1;1;1;7;7;7;7;7;7;7;7;7;7;7;7;NA;NA;NA;NA;NA;NA;NA;NA;NA;NA;NA
"475";"2021-06-28";"0-60";0;0;0;0;0;0;0;0;0;0;0;0;7;7;7;7;7;7;7;7;7;7;7;7;1;1;1;1;1;1;1;1;1;1;1
"476";"2021-06-28";"60+";1;1;1;1;1;1;1;1;1;1;1;1;4;4;4;4;4;4;4;4;4;4;4;4;1;1;1;1;1;1;1;1;1;1;1
"477";"2021-06-28";"alle";1;1;1;1;1;1;1;1;1;1;1;1;11;11;11;11;11;11;11;11;11;11;11;11;NA;NA;NA;NA;NA;NA;NA;NA;NA;NA;NA
"478";"2021-06-27";"0-60";1;1;1;1;1;1;1;1;1;1;1;1;7;7;7;7;7;7;7;7;7;7;7;7;1;1;1;1;1;1;1;1;1;1;1
"479";"2021-06-27";"60+";0;0;0;0;0;0;0;0;0;0;0;0;3;3;3;3;3;3;3;3;3;3;3;3;1;1;1;1;1;1;1;1;1;1;1
"480";"2021-06-27";"alle";1;1;1;1;1;1;1;1;1;1;1;1;10;10;10;10;10;10;10;10;10;10;10;10;NA;NA;NA;NA;NA;NA;NA;NA;NA;NA;NA
"481";"2021-06-26";"0-60";0;0;0;0;0;0;0;0;0;0;0;0;6;6;6;6;6;6;6;6;6;6;6;6;1;1;1;1;1;1;1;1;1;1;1
"482";"2021-06-26";"60+";1;1;1;1;1;1;1;1;1;1;1;1;4;4;4;4;4;4;4;4;4;4;4;4;1;1;1;1;1;1;1;1;1;1;1
"483";"2021-06-26";"alle";1;1;1;1;1;1;1;1;1;1;1;1;10;10;10;10;10;10;10;10;10;10;10;10;NA;NA;NA;NA;NA;NA;NA;NA;NA;NA;NA
"484";"2021-06-25";"0-60";0;0;0;0;0;0;0;0;0;0;0;0;7;7;7;7;7;7;7;7;7;7;7;7;1;1;1;1;1;1;1;1;1;1;1
"485";"2021-06-25";"60+";0;0;0;0;0;0;0;0;0;0;0;0;3;3;3;3;3;3;3;3;3;3;3;3;1;1;1;1;1;1;1;1;1;1;1
"486";"2021-06-25";"alle";0;0;0;0;0;0;0;0;0;0;0;0;10;10;10;10;10;10;10;10;10;10;10;10;NA;NA;NA;NA;NA;NA;NA;NA;NA;NA;NA
"487";"2021-06-24";"0-60";1;1;1;1;1;1;1;1;1;1;1;1;9;9;9;9;9;9;9;9;9;9;9;9;1;1;1;1;1;1;1;1;1;1;1
"488";"2021-06-24";"60+";0;0;0;0;0;0;0;0;0;0;0;0;3;3;3;3;3;3;3;3;3;3;3;3;1;1;1;1;1;1;1;1;1;1;1
"489";"2021-06-24";"alle";1;1;1;1;1;1;1;1;1;1;1;1;12;12;12;12;12;12;12;12;12;12;12;12;NA;NA;NA;NA;NA;NA;NA;NA;NA;NA;NA
"490";"2021-06-23";"0-60";1;1;1;1;1;1;1;1;1;1;1;1;8;8;8;8;8;8;8;8;8;8;8;8;1;1;1;1;1;1;1;1;1;1;1
"491";"2021-06-23";"60+";1;1;1;1;1;1;1;1;1;1;1;1;4;4;4;4;4;4;4;4;4;4;4;4;1;1;1;1;1;1;1;1;1;1;1
"492";"2021-06-23";"alle";2;2;2;2;2;2;2;2;2;2;2;2;12;12;12;12;12;12;12;12;12;12;12;12;NA;NA;NA;NA;NA;NA;NA;NA;NA;NA;NA
"493";"2021-06-22";"0-60";4;4;4;4;4;4;4;4;4;4;4;4;8;8;8;8;8;8;8;8;8;8;8;8;1;1;1;1;1;1;1;1;1;1;1
"494";"2021-06-22";"60+";1;1;1;1;1;1;1;1;1;1;1;1;3;3;3;3;3;3;3;3;3;3;3;3;1;1;1;1;1;1;1;1;1;1;1
"495";"2021-06-22";"alle";5;5;5;5;5;5;5;5;5;5;5;5;11;11;11;11;11;11;11;11;11;11;11;11;NA;NA;NA;NA;NA;NA;NA;NA;NA;NA;NA
"496";"2021-06-21";"0-60";0;0;0;0;0;0;0;0;0;0;0;0;5;5;5;5;5;5;5;5;5;5;5;5;1;1;1;1;1;1;1;1;1;1;1
"497";"2021-06-21";"60+";0;0;0;0;0;0;0;0;0;0;0;0;4;4;4;4;4;4;4;4;4;4;4;4;1;1;1;1;1;1;1;1;1;1;1
"498";"2021-06-21";"alle";0;0;0;0;0;0;0;0;0;0;0;0;9;9;9;9;9;9;9;9;9;9;9;9;NA;NA;NA;NA;NA;NA;NA;NA;NA;NA;NA
"499";"2021-06-20";"0-60";0;0;0;0;0;0;0;0;0;0;0;0;5;5;5;5;5;5;5;5;5;5;5;5;1;1;1;1;1;1;1;1;1;1;1
"500";"2021-06-20";"60+";1;1;1;1;1;1;1;1;1;1;1;1;4;4;4;4;4;4;4;4;4;4;4;4;1;1;1;1;1;1;1;1;1;1;1
"501";"2021-06-20";"alle";1;1;1;1;1;1;1;1;1;1;1;1;9;9;9;9;9;9;9;9;9;9;9;9;NA;NA;NA;NA;NA;NA;NA;NA;NA;NA;NA
"502";"2021-06-19";"0-60";1;1;1;1;1;1;1;1;1;1;1;1;5;5;5;5;5;5;5;5;5;5;5;5;1;1;1;1;1;1;1;1;1;1;1
"503";"2021-06-19";"60+";0;0;0;0;0;0;0;0;0;0;0;0;3;3;3;3;3;3;3;3;3;3;3;3;1;1;1;1;1;1;1;1;1;1;1
"504";"2021-06-19";"alle";1;1;1;1;1;1;1;1;1;1;1;1;8;8;8;8;8;8;8;8;8;8;8;8;NA;NA;NA;NA;NA;NA;NA;NA;NA;NA;NA
"505";"2021-06-18";"0-60";2;2;2;2;2;2;2;2;2;2;2;2;6;6;6;6;6;6;6;6;6;6;6;6;1;1;1;1;1;1;1;1;1;1;1
"506";"2021-06-18";"60+";0;0;0;0;0;0;0;0;0;0;0;0;4;4;4;4;4;4;4;4;4;4;4;4;1;1;1;1;1;1;1;1;1;1;1
"507";"2021-06-18";"alle";2;2;2;2;2;2;2;2;2;2;2;2;10;10;10;10;10;10;10;10;10;10;10;10;NA;NA;NA;NA;NA;NA;NA;NA;NA;NA;NA
"508";"2021-06-17";"0-60";0;0;0;0;0;0;0;0;0;0;0;0;6;6;6;6;6;6;6;6;6;6;6;6;1;1;1;1;1;1;1;1;1;1;1
"509";"2021-06-17";"60+";1;1;1;1;1;1;1;1;1;1;1;1;5;5;5;5;5;5;5;5;5;5;5;5;1;1;1;1;1;1;1;1;1;1;1
"510";"2021-06-17";"alle";1;1;1;1;1;1;1;1;1;1;1;1;11;11;11;11;11;11;11;11;11;11;11;11;NA;NA;NA;NA;NA;NA;NA;NA;NA;NA;NA
"511";"2021-06-16";"0-60";1;1;1;1;1;1;1;1;1;1;1;1;6;6;6;6;6;6;6;6;6;6;6;6;1;1;1;1;1;1;1;1;1;1;1
"512";"2021-06-16";"60+";0;0;0;0;0;0;0;0;0;0;0;0;5;5;5;5;5;5;5;5;5;5;5;5;1;1;1;1;1;1;1;1;1;1;1
"513";"2021-06-16";"alle";1;1;1;1;1;1;1;1;1;1;1;1;11;11;11;11;11;11;11;11;11;11;11;11;NA;NA;NA;NA;NA;NA;NA;NA;NA;NA;NA
"514";"2021-06-15";"0-60";1;1;1;1;1;1;1;1;1;1;1;1;6;6;6;6;6;6;6;6;6;6;6;6;1;1;1;1;1;1;1;1;1;1;1
"515";"2021-06-15";"60+";2;2;2;2;2;2;2;2;2;2;2;2;5;5;5;5;5;5;5;5;5;5;5;5;1;1;1;1;1;1;1;1;1;1;1
"516";"2021-06-15";"alle";3;3;3;3;3;3;3;3;3;3;3;3;11;11;11;11;11;11;11;11;11;11;11;11;NA;NA;NA;NA;NA;NA;NA;NA;NA;NA;NA
"517";"2021-06-14";"0-60";0;0;0;0;0;0;0;0;0;0;0;0;6;6;6;6;6;6;6;6;6;6;6;6;1;1;1;1;1;1;1;1;1;1;1
"518";"2021-06-14";"60+";0;0;0;0;0;0;0;0;0;0;0;0;5;5;5;5;5;5;5;5;5;5;5;5;1;1;1;1;1;1;1;1;1;1;1
"519";"2021-06-14";"alle";0;0;0;0;0;0;0;0;0;0;0;0;11;11;11;11;11;11;11;11;11;11;11;11;NA;NA;NA;NA;NA;NA;NA;NA;NA;NA;NA
"520";"2021-06-13";"0-60";0;0;0;0;0;0;0;0;0;0;0;0;7;7;7;7;7;7;7;7;7;7;7;7;1;1;1;1;1;1;1;1;1;1;1
"521";"2021-06-13";"60+";0;0;0;0;0;0;0;0;0;0;0;0;6;6;6;6;6;6;6;6;6;6;6;6;1;1;1;1;1;1;1;1;1;1;1
"522";"2021-06-13";"alle";0;0;0;0;0;0;0;0;0;0;0;0;13;13;13;13;13;13;13;13;13;13;13;13;NA;NA;NA;NA;NA;NA;NA;NA;NA;NA;NA
"523";"2021-06-12";"0-60";2;2;2;2;2;2;2;2;2;2;2;2;7;7;7;7;7;7;7;7;7;7;7;7;1;1;1;1;1;1;1;1;1;1;1
"524";"2021-06-12";"60+";1;1;1;1;1;1;1;1;1;1;1;1;7;7;7;7;7;7;7;7;7;7;7;7;1;1;1;1;1;1;1;1;1;1;1
"525";"2021-06-12";"alle";3;3;3;3;3;3;3;3;3;3;3;3;14;14;14;14;14;14;14;14;14;14;14;14;NA;NA;NA;NA;NA;NA;NA;NA;NA;NA;NA
"526";"2021-06-11";"0-60";2;2;2;2;2;2;2;2;2;2;2;2;7;7;7;7;7;7;7;7;7;7;7;7;1;1;1;1;1;1;1;1;1;1;1
"527";"2021-06-11";"60+";1;1;1;1;1;1;1;1;1;1;1;1;8;8;8;8;8;8;8;8;8;8;8;8;1;1;1;1;1;1;1;1;1;1;1
"528";"2021-06-11";"alle";3;3;3;3;3;3;3;3;3;3;3;3;15;15;15;15;15;15;15;15;15;15;15;15;NA;NA;NA;NA;NA;NA;NA;NA;NA;NA;NA
"529";"2021-06-10";"0-60";0;0;0;0;0;0;0;0;0;0;0;0;7;7;7;7;7;7;7;7;7;7;7;7;1;1;1;1;1;1;1;1;1;1;1
"530";"2021-06-10";"60+";1;1;1;1;1;1;1;1;1;1;1;1;8;8;8;8;8;8;8;8;8;8;8;8;1;1;1;1;1;1;1;1;1;1;1
"531";"2021-06-10";"alle";1;1;1;1;1;1;1;1;1;1;1;1;15;15;15;15;15;15;15;15;15;15;15;15;NA;NA;NA;NA;NA;NA;NA;NA;NA;NA;NA
"532";"2021-06-09";"0-60";1;1;1;1;1;1;1;1;1;1;1;1;9;9;9;9;9;9;9;9;9;9;9;9;1;1;1;1;1;1;1;1;1;1;1
"533";"2021-06-09";"60+";0;0;0;0;0;0;0;0;0;0;0;0;10;10;10;10;10;10;10;10;10;10;10;10;1;1;1;1;1;1;1;1;1;1;1
"534";"2021-06-09";"alle";1;1;1;1;1;1;1;1;1;1;1;1;19;19;19;19;19;19;19;19;19;19;19;19;NA;NA;NA;NA;NA;NA;NA;NA;NA;NA;NA
"535";"2021-06-08";"0-60";1;1;1;1;1;1;1;1;1;1;1;1;8;8;8;8;8;8;8;8;8;8;8;8;1;1;1;1;1;1;1;1;1;1;1
"536";"2021-06-08";"60+";2;2;2;2;2;2;2;2;2;2;2;2;11;11;11;11;11;11;11;11;11;11;11;11;1;1;1;1;1;1;1;1;1;1;1
"537";"2021-06-08";"alle";3;3;3;3;3;3;3;3;3;3;3;3;19;19;19;19;19;19;19;19;19;19;19;19;NA;NA;NA;NA;NA;NA;NA;NA;NA;NA;NA
"538";"2021-06-07";"0-60";1;1;1;1;1;1;1;1;1;1;1;1;8;8;8;8;8;8;8;8;8;8;8;8;1;1;1;1;1;1;1;1;1;1;1
"539";"2021-06-07";"60+";1;1;1;1;1;1;1;1;1;1;1;1;10;10;10;10;10;10;10;10;10;10;10;10;1;1;1;1;1;1;1;1;1;1;1
"540";"2021-06-07";"alle";2;2;2;2;2;2;2;2;2;2;2;2;18;18;18;18;18;18;18;18;18;18;18;18;NA;NA;NA;NA;NA;NA;NA;NA;NA;NA;NA
"541";"2021-06-06";"0-60";0;0;0;0;0;0;0;0;0;0;0;0;7;7;7;7;7;7;7;7;7;7;7;7;1;1;1;1;1;1;1;1;1;1;1
"542";"2021-06-06";"60+";1;1;1;1;1;1;1;1;1;1;1;1;11;11;11;11;11;11;11;11;11;11;11;11;1;1;1;1;1;1;1;1;1;1;1
"543";"2021-06-06";"alle";1;1;1;1;1;1;1;1;1;1;1;1;18;18;18;18;18;18;18;18;18;18;18;18;NA;NA;NA;NA;NA;NA;NA;NA;NA;NA;NA
"544";"2021-06-05";"0-60";2;2;2;2;2;2;2;2;2;2;2;2;7;7;7;7;7;7;7;7;7;7;7;7;1;1;1;1;1;1;1;1;1;1;1
"545";"2021-06-05";"60+";2;2;2;2;2;2;2;2;2;2;2;2;10;10;10;10;10;10;10;10;10;10;10;10;1;1;1;1;1;1;1;1;1;1;1
"546";"2021-06-05";"alle";4;4;4;4;4;4;4;4;4;4;4;4;17;17;17;17;17;17;17;17;17;17;17;17;NA;NA;NA;NA;NA;NA;NA;NA;NA;NA;NA
"547";"2021-06-04";"0-60";2;2;2;2;2;2;2;2;2;2;2;2;7;7;7;7;7;7;7;7;7;7;7;7;1;1;1;1;1;1;1;1;1;1;1
"548";"2021-06-04";"60+";1;1;1;1;1;1;1;1;1;1;1;1;9;9;9;9;9;9;9;9;9;9;9;9;1;1;1;1;1;1;1;1;1;1;1
"549";"2021-06-04";"alle";3;3;3;3;3;3;3;3;3;3;3;3;16;16;16;16;16;16;16;16;16;16;16;16;NA;NA;NA;NA;NA;NA;NA;NA;NA;NA;NA
"550";"2021-06-03";"0-60";2;2;2;2;2;2;2;2;2;2;2;2;9;9;9;9;9;9;9;9;9;9;9;9;1;1;1;1;1;1;1;1;1;1;1
"551";"2021-06-03";"60+";3;3;3;3;3;3;3;3;3;3;3;3;10;10;10;10;10;10;10;10;10;10;10;10;1;1;1;1;1;1;1;1;1;1;1
"552";"2021-06-03";"alle";5;5;5;5;5;5;5;5;5;5;5;5;19;19;19;19;19;19;19;19;19;19;19;19;NA;NA;NA;NA;NA;NA;NA;NA;NA;NA;NA
"553";"2021-06-02";"0-60";0;0;0;0;0;0;0;0;0;0;0;0;9;9;9;9;9;9;9;9;9;9;9;9;1;1;1;1;1;1;1;1;1;1;1
"554";"2021-06-02";"60+";1;1;1;1;1;1;1;1;1;1;1;1;9;9;9;9;9;9;9;9;9;9;9;9;1;1;1;1;1;1;1;1;1;1;1
"555";"2021-06-02";"alle";1;1;1;1;1;1;1;1;1;1;1;1;18;18;18;18;18;18;18;18;18;18;18;18;NA;NA;NA;NA;NA;NA;NA;NA;NA;NA;NA
"556";"2021-06-01";"0-60";1;1;1;1;1;1;1;1;1;1;1;1;11;11;11;11;11;11;11;11;11;11;11;11;1;1;1;1;1;1;1;1;1;1;1
"557";"2021-06-01";"60+";1;1;1;1;1;1;1;1;1;1;1;1;11;11;11;11;11;11;11;11;11;11;11;11;1;1;1;1;1;1;1;1;1;1;1
"558";"2021-06-01";"alle";2;2;2;2;2;2;2;2;2;2;2;2;22;22;22;22;22;22;22;22;22;22;22;22;NA;NA;NA;NA;NA;NA;NA;NA;NA;NA;NA
"559";"2021-05-31";"0-60";0;0;0;0;0;0;0;0;0;0;0;0;11;11;11;11;11;11;11;11;11;11;11;11;1;1;1;1;1;1;1;1;1;1;1
"560";"2021-05-31";"60+";2;2;2;2;2;2;2;2;2;2;2;2;11;11;11;11;11;11;11;11;11;11;11;11;1;1;1;1;1;1;1;1;1;1;1
"561";"2021-05-31";"alle";2;2;2;2;2;2;2;2;2;2;2;2;22;22;22;22;22;22;22;22;22;22;22;22;NA;NA;NA;NA;NA;NA;NA;NA;NA;NA;NA
"562";"2021-05-30";"0-60";0;0;0;0;0;0;0;0;0;0;0;0;12;12;12;12;12;12;12;12;12;12;12;12;1;1;1;1;1;1;1;1;1;1;1
"563";"2021-05-30";"60+";0;0;0;0;0;0;0;0;0;0;0;0;9;9;9;9;9;9;9;9;9;9;9;9;1;1;1;1;1;1;1;1;1;1;1
"564";"2021-05-30";"alle";0;0;0;0;0;0;0;0;0;0;0;0;21;21;21;21;21;21;21;21;21;21;21;21;NA;NA;NA;NA;NA;NA;NA;NA;NA;NA;NA
"565";"2021-05-29";"0-60";2;2;2;2;2;2;2;2;2;2;2;2;14;14;14;14;14;14;14;14;14;14;14;14;1;1;1;1;1;1;1;1;1;1;1
"566";"2021-05-29";"60+";1;1;1;1;1;1;1;1;1;1;1;1;10;10;10;10;10;10;10;10;10;10;10;10;1;1;1;1;1;1;1;1;1;1;1
"567";"2021-05-29";"alle";3;3;3;3;3;3;3;3;3;3;3;3;24;24;24;24;24;24;24;24;24;24;24;24;NA;NA;NA;NA;NA;NA;NA;NA;NA;NA;NA
"568";"2021-05-28";"0-60";4;4;4;4;4;4;4;4;4;4;4;4;15;15;15;15;15;15;15;15;15;15;15;15;1;1;1;1;1;1;1;1;1;1;1
"569";"2021-05-28";"60+";2;2;2;2;2;2;2;2;2;2;2;2;10;10;10;10;10;10;10;10;10;10;10;10;1;1;1;1;1;1;1;1;1;1;1
"570";"2021-05-28";"alle";6;6;6;6;6;6;6;6;6;6;6;6;25;25;25;25;25;25;25;25;25;25;25;25;NA;NA;NA;NA;NA;NA;NA;NA;NA;NA;NA
"571";"2021-05-27";"0-60";2;2;2;2;2;2;2;2;2;2;2;2;14;14;14;14;14;14;14;14;14;14;14;14;1;1;1;1;1;1;1;1;1;1;1
"572";"2021-05-27";"60+";2;2;2;2;2;2;2;2;2;2;2;2;10;10;10;10;10;10;10;10;10;10;10;10;1;1;1;1;1;1;1;1;1;1;1
"573";"2021-05-27";"alle";4;4;4;4;4;4;4;4;4;4;4;4;24;24;24;24;24;24;24;24;24;24;24;24;NA;NA;NA;NA;NA;NA;NA;NA;NA;NA;NA
"574";"2021-05-26";"0-60";2;2;2;2;2;2;2;2;2;2;2;2;14;14;14;14;14;14;14;14;14;14;14;14;1;1;1;1;1;1;1;1;1;1;1
"575";"2021-05-26";"60+";3;3;3;3;3;3;3;3;3;3;3;3;11;11;11;11;11;11;11;11;11;11;11;11;1;1;1;1;1;1;1;1;1;1;1
"576";"2021-05-26";"alle";5;5;5;5;5;5;5;5;5;5;5;5;25;25;25;25;25;25;25;25;25;25;25;25;NA;NA;NA;NA;NA;NA;NA;NA;NA;NA;NA
"577";"2021-05-25";"0-60";1;1;1;1;1;1;1;1;1;1;1;1;18;18;18;18;18;18;18;18;18;18;18;18;1;1;1;1;1;1;1;1;1;1;1
"578";"2021-05-25";"60+";1;1;1;1;1;1;1;1;1;1;1;1;14;14;14;14;14;14;14;14;14;14;14;14;1;1;1;1;1;1;1;1;1;1;1
"579";"2021-05-25";"alle";2;2;2;2;2;2;2;2;2;2;2;2;32;32;32;32;32;32;32;32;32;32;32;32;NA;NA;NA;NA;NA;NA;NA;NA;NA;NA;NA
"580";"2021-05-24";"0-60";1;1;1;1;1;1;1;1;1;1;1;1;24;24;24;24;24;24;24;24;24;24;24;24;1;1;1;1;1;1;1;1;1;1;1
"581";"2021-05-24";"60+";0;0;0;0;0;0;0;0;0;0;0;0;15;15;15;15;15;15;15;15;15;15;15;15;1;1;1;1;1;1;1;1;1;1;1
"582";"2021-05-24";"alle";1;1;1;1;1;1;1;1;1;1;1;1;39;39;39;39;39;39;39;39;39;39;39;39;NA;NA;NA;NA;NA;NA;NA;NA;NA;NA;NA
"583";"2021-05-23";"0-60";2;2;2;2;2;2;2;2;2;2;2;2;28;28;28;28;28;28;28;28;28;28;28;28;1;1;1;1;1;1;1;1;1;1;1
"584";"2021-05-23";"60+";1;1;1;1;1;1;1;1;1;1;1;1;20;20;20;20;20;20;20;20;20;20;20;20;1;1;1;1;1;1;1;1;1;1;1
"585";"2021-05-23";"alle";3;3;3;3;3;3;3;3;3;3;3;3;48;48;48;48;48;48;48;48;48;48;48;48;NA;NA;NA;NA;NA;NA;NA;NA;NA;NA;NA
"586";"2021-05-22";"0-60";3;3;3;3;3;3;3;3;3;3;3;3;27;27;27;27;27;27;27;27;27;27;27;27;1;1;1;1;1;1;1;1;1;1;1
"587";"2021-05-22";"60+";1;1;1;1;1;1;1;1;1;1;1;1;20;20;20;20;20;20;20;20;20;20;20;20;1;1;1;1;1;1;1;1;1;1;1
"588";"2021-05-22";"alle";4;4;4;4;4;4;4;4;4;4;4;4;47;47;47;47;47;47;47;47;47;47;47;47;NA;NA;NA;NA;NA;NA;NA;NA;NA;NA;NA
"589";"2021-05-21";"0-60";3;3;3;3;3;3;3;3;3;3;3;3;30;30;30;30;30;30;30;30;30;30;30;30;1;1;1;1;1;1;1;1;1;1;1
"590";"2021-05-21";"60+";2;2;2;2;2;2;2;2;2;2;2;2;24;24;24;24;24;24;24;24;24;24;24;24;1;1;1;1;1;1;1;1;1;1;1
"591";"2021-05-21";"alle";5;5;5;5;5;5;5;5;5;5;5;5;54;54;54;54;54;54;54;54;54;54;54;54;NA;NA;NA;NA;NA;NA;NA;NA;NA;NA;NA
"592";"2021-05-20";"0-60";2;2;2;2;2;2;2;2;2;2;2;2;29;29;29;29;29;29;29;29;29;29;29;29;1;1;1;1;1;1;1;1;1;1;1
"593";"2021-05-20";"60+";3;3;3;3;3;3;3;3;3;3;3;3;23;23;23;23;23;23;23;23;23;23;23;23;1;1;1;1;1;1;1;1;1;1;1
"594";"2021-05-20";"alle";5;5;5;5;5;5;5;5;5;5;5;5;52;52;52;52;52;52;52;52;52;52;52;52;NA;NA;NA;NA;NA;NA;NA;NA;NA;NA;NA
"595";"2021-05-19";"0-60";6;6;6;6;6;6;6;6;6;6;6;6;32;32;32;32;32;32;32;32;32;32;32;32;1;1;1;1;1;1;1;1;1;1;1
"596";"2021-05-19";"60+";6;6;6;6;6;6;6;6;6;6;6;6;29;29;29;29;29;29;29;29;29;29;29;29;1;1;1;1;1;1;1;1;1;1;1
"597";"2021-05-19";"alle";12;12;12;12;12;12;12;12;12;12;12;12;61;61;61;61;61;61;61;61;61;61;61;61;NA;NA;NA;NA;NA;NA;NA;NA;NA;NA;NA
"598";"2021-05-18";"0-60";7;7;7;7;7;7;7;7;7;7;7;7;31;31;31;31;31;31;31;31;31;31;31;31;1;1;1;1;1;1;1;1;1;1;1
"599";"2021-05-18";"60+";2;2;2;2;2;2;2;2;2;2;2;2;28;28;28;28;28;28;28;28;28;28;28;28;1;1;1;1;1;1;1;1;1;1;1
"600";"2021-05-18";"alle";9;9;9;9;9;9;9;9;9;9;9;9;59;59;59;59;59;59;59;59;59;59;59;59;NA;NA;NA;NA;NA;NA;NA;NA;NA;NA;NA
"601";"2021-05-17";"0-60";5;5;5;5;5;5;5;5;5;5;5;5;30;30;30;30;30;30;30;30;30;30;30;30;1;1;1;1;1;1;1;1;1;1;1
"602";"2021-05-17";"60+";5;5;5;5;5;5;5;5;5;5;5;5;29;29;29;29;29;29;29;29;29;29;29;29;1;1;1;1;1;1;1;1;1;1;1
"603";"2021-05-17";"alle";10;10;10;10;10;10;10;10;10;10;10;10;59;59;59;59;59;59;59;59;59;59;59;59;NA;NA;NA;NA;NA;NA;NA;NA;NA;NA;NA
"604";"2021-05-16";"0-60";1;1;1;1;1;1;1;1;1;1;1;1;30;30;30;30;30;30;30;30;30;30;30;30;1;1;1;1;1;1;1;1;1;1;1
"605";"2021-05-16";"60+";1;1;1;1;1;1;1;1;1;1;1;1;31;31;31;31;31;31;31;31;31;31;31;31;1;1;1;1;1;1;1;1;1;1;1
"606";"2021-05-16";"alle";2;2;2;2;2;2;2;2;2;2;2;2;61;61;61;61;61;61;61;61;61;61;61;61;NA;NA;NA;NA;NA;NA;NA;NA;NA;NA;NA
"607";"2021-05-15";"0-60";6;6;6;6;6;6;6;6;6;6;6;6;34;34;34;34;34;34;34;34;34;34;34;34;1;1;1;1;1;1;1;1;1;1;1
"608";"2021-05-15";"60+";5;5;5;5;5;5;5;5;5;5;5;5;36;36;36;36;36;36;36;36;36;36;36;36;1;1;1;1;1;1;1;1;1;1;1
"609";"2021-05-15";"alle";11;11;11;11;11;11;11;11;11;11;11;11;70;70;70;70;70;70;70;70;70;70;70;70;NA;NA;NA;NA;NA;NA;NA;NA;NA;NA;NA
"610";"2021-05-14";"0-60";2;2;2;2;2;2;2;2;2;2;2;2;30;30;30;30;30;30;30;30;30;30;30;30;1;1;1;1;1;1;1;1;1;1;1
"611";"2021-05-14";"60+";1;1;1;1;1;1;1;1;1;1;1;1;39;39;39;39;39;39;39;39;39;39;39;39;1;1;1;1;1;1;1;1;1;1;1
"612";"2021-05-14";"alle";3;3;3;3;3;3;3;3;3;3;3;3;69;69;69;69;69;69;69;69;69;69;69;69;NA;NA;NA;NA;NA;NA;NA;NA;NA;NA;NA
"613";"2021-05-13";"0-60";5;5;5;5;5;5;5;5;5;5;5;5;34;34;34;34;34;34;34;34;34;34;34;34;1;1;1;1;1;1;1;1;1;1;1
"614";"2021-05-13";"60+";9;9;9;9;9;9;9;9;9;9;9;9;42;42;42;42;42;42;42;42;42;42;42;42;1;1;1;1;1;1;1;1;1;1;1
"615";"2021-05-13";"alle";14;14;14;14;14;14;14;14;14;14;14;14;76;76;76;76;76;76;76;76;76;76;76;76;NA;NA;NA;NA;NA;NA;NA;NA;NA;NA;NA
"616";"2021-05-12";"0-60";5;5;5;5;5;5;5;5;5;5;5;5;40;40;40;40;40;40;40;40;40;40;40;40;1;1;1;1;1;1;1;1;1;1;1
"617";"2021-05-12";"60+";5;5;5;5;5;5;5;5;5;5;5;5;39;39;39;39;39;39;39;39;39;39;39;39;1;1;1;1;1;1;1;1;1;1;1
"618";"2021-05-12";"alle";10;10;10;10;10;10;10;10;10;10;10;10;79;79;79;79;79;79;79;79;79;79;79;79;NA;NA;NA;NA;NA;NA;NA;NA;NA;NA;NA
"619";"2021-05-11";"0-60";6;6;6;6;6;6;6;6;6;6;6;6;43;43;43;43;43;43;43;43;43;43;43;43;1;1;1;1;1;1;1;1;1;1;1
"620";"2021-05-11";"60+";3;3;3;3;3;3;3;3;3;3;3;3;37;37;37;37;37;37;37;37;37;37;37;37;1;1;1;1;1;1;1;1;1;1;1
"621";"2021-05-11";"alle";9;9;9;9;9;9;9;9;9;9;9;9;80;80;80;80;80;80;80;80;80;80;80;80;NA;NA;NA;NA;NA;NA;NA;NA;NA;NA;NA
"622";"2021-05-10";"0-60";5;5;5;5;5;5;5;5;5;5;5;5;42;42;42;42;42;42;42;42;42;42;42;42;1;1;1;1;1;1;1;1;1;1;1
"623";"2021-05-10";"60+";7;7;7;7;7;7;7;7;7;7;7;7;40;40;40;40;40;40;40;40;40;40;40;40;1;1;1;1;1;1;1;1;1;1;1
"624";"2021-05-10";"alle";12;12;12;12;12;12;12;12;12;12;12;12;82;82;82;82;82;82;82;82;82;82;82;82;NA;NA;NA;NA;NA;NA;NA;NA;NA;NA;NA
"625";"2021-05-09";"0-60";5;5;5;5;5;5;5;5;5;5;5;5;41;41;41;41;41;41;41;41;41;41;41;41;1;1;1;1;1;1;1;1;1;1;1
"626";"2021-05-09";"60+";6;6;6;6;6;6;6;6;6;6;6;6;40;40;40;40;40;40;40;40;40;40;40;40;1;1;1;1;1;1;1;1;1;1;1
"627";"2021-05-09";"alle";11;11;11;11;11;11;11;11;11;11;11;11;81;81;81;81;81;81;81;81;81;81;81;81;NA;NA;NA;NA;NA;NA;NA;NA;NA;NA;NA
"628";"2021-05-08";"0-60";2;2;2;2;2;2;2;2;2;2;2;2;41;41;41;41;41;41;41;41;41;41;41;41;1;1;1;1;1;1;1;1;1;1;1
"629";"2021-05-08";"60+";8;8;8;8;8;8;8;8;8;8;8;8;39;39;39;39;39;39;39;39;39;39;39;39;1;1;1;1;1;1;1;1;1;1;1
"630";"2021-05-08";"alle";10;10;10;10;10;10;10;10;10;10;10;10;80;80;80;80;80;80;80;80;80;80;80;80;NA;NA;NA;NA;NA;NA;NA;NA;NA;NA;NA
"631";"2021-05-07";"0-60";6;6;6;6;6;6;6;6;6;6;6;6;44;44;44;44;44;44;44;44;44;44;44;44;1;1;1;1;1;1;1;1;1;1;1
"632";"2021-05-07";"60+";4;4;4;4;4;4;4;4;4;4;4;4;35;35;35;35;35;35;35;35;35;35;35;35;1;1;1;1;1;1;1;1;1;1;1
"633";"2021-05-07";"alle";10;10;10;10;10;10;10;10;10;10;10;10;79;79;79;79;79;79;79;79;79;79;79;79;NA;NA;NA;NA;NA;NA;NA;NA;NA;NA;NA
"634";"2021-05-06";"0-60";11;11;11;11;11;11;11;11;11;11;11;11;45;45;45;45;45;45;45;45;45;45;45;45;1;1;1;1;1;1;1;1;1;1;1
"635";"2021-05-06";"60+";6;6;6;6;6;6;6;6;6;6;6;6;39;39;39;39;39;39;39;39;39;39;39;39;1;1;1;1;1;1;1;1;1;1;1
"636";"2021-05-06";"alle";17;17;17;17;17;17;17;17;17;17;17;17;84;84;84;84;84;84;84;84;84;84;84;84;NA;NA;NA;NA;NA;NA;NA;NA;NA;NA;NA
"637";"2021-05-05";"0-60";8;8;8;8;8;8;8;8;8;8;8;8;40;40;40;40;40;40;40;40;40;40;40;40;1;1;1;1;1;1;1;1;1;1;1
"638";"2021-05-05";"60+";3;3;3;3;3;3;3;3;3;3;3;3;41;41;41;41;41;41;41;41;41;41;41;41;1;1;1;1;1;1;1;1;1;1;1
"639";"2021-05-05";"alle";11;11;11;11;11;11;11;11;11;11;11;11;81;81;81;81;81;81;81;81;81;81;81;81;NA;NA;NA;NA;NA;NA;NA;NA;NA;NA;NA
"640";"2021-05-04";"0-60";5;5;5;5;5;5;5;5;5;5;5;5;38;38;38;38;38;38;38;38;38;38;38;38;1;1;1;1;1;1;1;1;1;1;1
"641";"2021-05-04";"60+";6;6;6;6;6;6;6;6;6;6;6;6;48;48;48;48;48;48;48;48;48;48;48;48;1;1;1;1;1;1;1;1;1;1;1
"642";"2021-05-04";"alle";11;11;11;11;11;11;11;11;11;11;11;11;86;86;86;86;86;86;86;86;86;86;86;86;NA;NA;NA;NA;NA;NA;NA;NA;NA;NA;NA
"643";"2021-05-03";"0-60";4;4;4;4;4;4;4;4;4;4;4;4;41;41;41;41;41;41;41;41;41;41;41;41;1;1;1;1;1;1;1;1;1;1;1
"644";"2021-05-03";"60+";7;7;7;7;7;7;7;7;7;7;7;7;49;49;49;49;49;49;49;49;49;49;49;49;1;1;1;1;1;1;1;1;1;1;1
"645";"2021-05-03";"alle";11;11;11;11;11;11;11;11;11;11;11;11;90;90;90;90;90;90;90;90;90;90;90;90;NA;NA;NA;NA;NA;NA;NA;NA;NA;NA;NA
"646";"2021-05-02";"0-60";5;5;5;5;5;5;5;5;5;5;5;5;42;42;42;42;42;42;42;42;42;42;42;42;1;1;1;1;1;1;1;1;1;1;1
"647";"2021-05-02";"60+";5;5;5;5;5;5;5;5;5;5;5;5;54;54;54;54;54;54;54;54;54;54;54;54;1;1;1;1;1;1;1;1;1;1;1
"648";"2021-05-02";"alle";10;10;10;10;10;10;10;10;10;10;10;10;96;96;96;96;96;96;96;96;96;96;96;96;NA;NA;NA;NA;NA;NA;NA;NA;NA;NA;NA
"649";"2021-05-01";"0-60";5;5;5;5;5;5;5;5;5;5;5;5;41;41;41;41;41;41;41;41;41;41;41;41;1;1;1;1;1;1;1;1;1;1;1
"650";"2021-05-01";"60+";4;4;4;4;4;4;4;4;4;4;4;4;54;54;54;54;54;54;54;54;54;54;54;54;1;1;1;1;1;1;1;1;1;1;1
"651";"2021-05-01";"alle";9;9;9;9;9;9;9;9;9;9;9;9;95;95;95;95;95;95;95;95;95;95;95;95;NA;NA;NA;NA;NA;NA;NA;NA;NA;NA;NA
"652";"2021-04-30";"0-60";7;7;7;7;7;7;7;7;7;7;7;7;49;49;49;49;49;49;49;49;49;49;49;49;1;1;1;1;1;1;1;1;1;1;1
"653";"2021-04-30";"60+";8;8;8;8;8;8;8;8;8;8;8;8;61;61;61;61;61;61;61;61;61;61;61;61;1;1;1;1;1;1;1;1;1;1;1
"654";"2021-04-30";"alle";15;15;15;15;15;15;15;15;15;15;15;15;110;110;110;110;110;110;110;110;110;110;110;110;NA;NA;NA;NA;NA;NA;NA;NA;NA;NA;NA
"655";"2021-04-29";"0-60";6;6;6;6;6;6;6;6;6;6;6;6;51;51;51;51;51;51;51;51;51;51;51;51;1;1;1;1;1;1;1;1;1;1;1
"656";"2021-04-29";"60+";8;8;8;8;8;8;8;8;8;8;8;8;62;62;62;62;62;62;62;62;62;62;62;62;1;1;1;1;1;1;1;1;1;1;1
"657";"2021-04-29";"alle";14;14;14;14;14;14;14;14;14;14;14;14;113;113;113;113;113;113;113;113;113;113;113;113;NA;NA;NA;NA;NA;NA;NA;NA;NA;NA;NA
"658";"2021-04-28";"0-60";6;6;6;6;6;6;6;6;6;6;6;6;62;62;62;62;62;62;62;62;62;62;62;62;1;1;1;1;1;1;1;1;1;1;1
"659";"2021-04-28";"60+";10;10;10;10;10;10;10;10;10;10;10;10;67;67;67;67;67;67;67;67;67;67;67;67;1;1;1;1;1;1;1;1;1;1;1
"660";"2021-04-28";"alle";16;16;16;16;16;16;16;16;16;16;16;16;129;129;129;129;129;129;129;129;129;129;129;129;NA;NA;NA;NA;NA;NA;NA;NA;NA;NA;NA
"661";"2021-04-27";"0-60";8;8;8;8;8;8;8;8;8;8;8;8;64;64;64;64;64;64;64;64;64;64;64;64;1;1;1;1;1;1;1;1;1;1;1
"662";"2021-04-27";"60+";7;7;7;7;7;7;7;7;7;7;7;7;69;69;69;69;69;69;69;69;69;69;69;69;1;1;1;1;1;1;1;1;1;1;1
"663";"2021-04-27";"alle";15;15;15;15;15;15;15;15;15;15;15;15;133;133;133;133;133;133;133;133;133;133;133;133;NA;NA;NA;NA;NA;NA;NA;NA;NA;NA;NA
"664";"2021-04-26";"0-60";5;5;5;5;5;5;5;5;5;5;5;5;66;66;66;66;66;66;66;66;66;66;66;66;1;1;1;1;1;1;1;1;1;1;1
"665";"2021-04-26";"60+";12;12;12;12;12;12;12;12;12;12;12;12;74;74;74;74;74;74;74;74;74;74;74;74;1;1;1;1;1;1;1;1;1;1;1
"666";"2021-04-26";"alle";17;17;17;17;17;17;17;17;17;17;17;17;140;140;140;140;140;140;140;140;140;140;140;140;NA;NA;NA;NA;NA;NA;NA;NA;NA;NA;NA
"667";"2021-04-25";"0-60";4;4;4;4;4;4;4;4;4;4;4;4;69;69;69;69;69;69;69;69;69;69;69;69;1;1;1;1;1;1;1;1;1;1;1
"668";"2021-04-25";"60+";5;5;5;5;5;5;5;5;5;5;5;5;75;75;75;75;75;75;75;75;75;75;75;75;1;1;1;1;1;1;1;1;1;1;1
"669";"2021-04-25";"alle";9;9;9;9;9;9;9;9;9;9;9;9;144;144;144;144;144;144;144;144;144;144;144;144;NA;NA;NA;NA;NA;NA;NA;NA;NA;NA;NA
"670";"2021-04-24";"0-60";13;13;13;13;13;13;13;13;13;13;13;13;74;74;74;74;74;74;74;74;74;74;74;74;1;1;1;1;1;1;1;1;1;1;1
"671";"2021-04-24";"60+";11;11;11;11;11;11;11;11;11;11;11;11;76;76;76;76;76;76;76;76;76;76;76;76;1;1;1;1;1;1;1;1;1;1;1
"672";"2021-04-24";"alle";24;24;24;24;24;24;24;24;24;24;24;24;150;150;150;150;150;150;150;150;150;150;150;150;NA;NA;NA;NA;NA;NA;NA;NA;NA;NA;NA
"673";"2021-04-23";"0-60";9;9;9;9;9;9;9;9;9;9;9;9;71;71;71;71;71;71;71;71;71;71;71;71;1;1;1;1;1;1;1;1;1;1;1
"674";"2021-04-23";"60+";9;9;9;9;9;9;9;9;9;9;9;9;79;79;79;79;79;79;79;79;79;79;79;79;1;1;1;1;1;1;1;1;1;1;1
"675";"2021-04-23";"alle";18;18;18;18;18;18;18;18;18;18;18;18;150;150;150;150;150;150;150;150;150;150;150;150;NA;NA;NA;NA;NA;NA;NA;NA;NA;NA;NA
"676";"2021-04-22";"0-60";17;17;17;17;17;17;17;17;17;17;17;17;74;74;74;74;74;74;74;74;74;74;74;74;1;1;1;1;1;1;1;1;1;1;1
"677";"2021-04-22";"60+";13;13;13;13;13;13;13;13;13;13;13;13;77;77;77;77;77;77;77;77;77;77;77;77;1;1;1;1;1;1;1;1;1;1;1
"678";"2021-04-22";"alle";30;30;30;30;30;30;30;30;30;30;30;30;151;151;151;151;151;151;151;151;151;151;151;151;NA;NA;NA;NA;NA;NA;NA;NA;NA;NA;NA
"679";"2021-04-21";"0-60";8;8;8;8;8;8;8;8;8;8;8;8;70;70;70;70;70;70;70;70;70;70;70;70;1;1;1;1;1;1;1;1;1;1;1
"680";"2021-04-21";"60+";12;12;12;12;12;12;12;12;12;12;12;12;82;82;82;82;82;82;82;82;82;82;82;82;1;1;1;1;1;1;1;1;1;1;1
"681";"2021-04-21";"alle";20;20;20;20;20;20;20;20;20;20;20;20;152;152;152;152;152;152;152;152;152;152;152;152;NA;NA;NA;NA;NA;NA;NA;NA;NA;NA;NA
"682";"2021-04-20";"0-60";10;10;10;10;10;10;10;10;10;10;10;10;70;70;70;70;70;70;70;70;70;70;70;70;1;1;1;1;1;1;1;1;1;1;1
"683";"2021-04-20";"60+";12;12;12;12;12;12;12;12;12;12;12;12;87;87;87;87;87;87;87;87;87;87;87;87;1;1;1;1;1;1;1;1;1;1;1
"684";"2021-04-20";"alle";22;22;22;22;22;22;22;22;22;22;22;22;157;157;157;157;157;157;157;157;157;157;157;157;NA;NA;NA;NA;NA;NA;NA;NA;NA;NA;NA
"685";"2021-04-19";"0-60";8;8;8;8;8;8;8;8;8;8;8;8;72;72;72;72;72;72;72;72;72;72;72;72;1;1;1;1;1;1;1;1;1;1;1
"686";"2021-04-19";"60+";13;13;13;13;13;13;13;13;13;13;13;13;80;80;80;80;80;80;80;80;80;80;80;80;1;1;1;1;1;1;1;1;1;1;1
"687";"2021-04-19";"alle";21;21;21;21;21;21;21;21;21;21;21;21;152;152;152;152;152;152;152;152;152;152;152;152;NA;NA;NA;NA;NA;NA;NA;NA;NA;NA;NA
"688";"2021-04-18";"0-60";9;9;9;9;9;9;9;9;9;9;9;9;80;80;80;80;80;80;80;80;80;80;80;80;1;1;1;1;1;1;1;1;1;1;1
"689";"2021-04-18";"60+";6;6;6;6;6;6;6;6;6;6;6;6;73;73;73;73;73;73;73;73;73;73;73;73;1;1;1;1;1;1;1;1;1;1;1
"690";"2021-04-18";"alle";15;15;15;15;15;15;15;15;15;15;15;15;153;153;153;153;153;153;153;153;153;153;153;153;NA;NA;NA;NA;NA;NA;NA;NA;NA;NA;NA
"691";"2021-04-17";"0-60";10;10;10;10;10;10;10;10;10;10;10;10;76;76;76;76;76;76;76;76;76;76;76;76;1;1;1;1;1;1;1;1;1;1;1
"692";"2021-04-17";"60+";14;14;14;14;14;14;14;14;14;14;14;14;77;77;77;77;77;77;77;77;77;77;77;77;1;1;1;1;1;1;1;1;1;1;1
"693";"2021-04-17";"alle";24;24;24;24;24;24;24;24;24;24;24;24;153;153;153;153;153;153;153;153;153;153;153;153;NA;NA;NA;NA;NA;NA;NA;NA;NA;NA;NA
"694";"2021-04-16";"0-60";12;12;12;12;12;12;12;12;12;12;12;12;83;83;83;83;83;83;83;83;83;83;83;83;1;1;1;1;1;1;1;1;1;1;1
"695";"2021-04-16";"60+";7;7;7;7;7;7;7;7;7;7;7;7;75;75;75;75;75;75;75;75;75;75;75;75;1;1;1;1;1;1;1;1;1;1;1
"696";"2021-04-16";"alle";19;19;19;19;19;19;19;19;19;19;19;19;158;158;158;158;158;158;158;158;158;158;158;158;NA;NA;NA;NA;NA;NA;NA;NA;NA;NA;NA
"697";"2021-04-15";"0-60";13;13;13;13;13;13;13;13;13;13;13;13;81;81;81;81;81;81;81;81;81;81;81;81;1;1;1;1;1;1;1;1;1;1;1
"698";"2021-04-15";"60+";18;18;18;18;18;18;18;18;18;18;18;18;75;75;75;75;75;75;75;75;75;75;75;75;1;1;1;1;1;1;1;1;1;1;1
"699";"2021-04-15";"alle";31;31;31;31;31;31;31;31;31;31;31;31;156;156;156;156;156;156;156;156;156;156;156;156;NA;NA;NA;NA;NA;NA;NA;NA;NA;NA;NA
"700";"2021-04-14";"0-60";8;8;8;8;8;8;8;8;8;8;8;8;75;75;75;75;75;75;75;75;75;75;75;75;1;1;1;1;1;1;1;1;1;1;1
"701";"2021-04-14";"60+";17;17;17;17;17;17;17;17;17;17;17;17;68;68;68;68;68;68;68;68;68;68;68;68;1;1;1;1;1;1;1;1;1;1;1
"702";"2021-04-14";"alle";25;25;25;25;25;25;25;25;25;25;25;25;143;143;143;143;143;143;143;143;143;143;143;143;NA;NA;NA;NA;NA;NA;NA;NA;NA;NA;NA
"703";"2021-04-13";"0-60";12;12;12;12;12;12;12;12;12;12;12;12;80;80;80;80;80;80;80;80;80;80;80;80;1;1;1;1;1;1;1;1;1;1;1
"704";"2021-04-13";"60+";5;5;5;5;5;5;5;5;5;5;5;5;60;60;60;60;60;60;60;60;60;60;60;60;1;1;1;1;1;1;1;1;1;1;1
"705";"2021-04-13";"alle";17;17;17;17;17;17;17;17;17;17;17;17;140;140;140;140;140;140;140;140;140;140;140;140;NA;NA;NA;NA;NA;NA;NA;NA;NA;NA;NA
"706";"2021-04-12";"0-60";16;16;16;16;16;16;16;16;16;16;16;16;83;83;83;83;83;83;83;83;83;83;83;83;1;1;1;1;1;1;1;1;1;1;1
"707";"2021-04-12";"60+";6;6;6;6;6;6;6;6;6;6;6;6;61;61;61;61;61;61;61;61;61;61;61;61;1;1;1;1;1;1;1;1;1;1;1
"708";"2021-04-12";"alle";22;22;22;22;22;22;22;22;22;22;22;22;144;144;144;144;144;144;144;144;144;144;144;144;NA;NA;NA;NA;NA;NA;NA;NA;NA;NA;NA
"709";"2021-04-11";"0-60";5;5;5;5;5;5;5;5;5;5;5;5;NA;NA;NA;NA;NA;NA;NA;NA;NA;NA;NA;NA;1;1;1;1;1;1;1;1;1;1;1
"710";"2021-04-11";"60+";10;10;10;10;10;10;10;10;10;10;10;10;NA;NA;NA;NA;NA;NA;NA;NA;NA;NA;NA;NA;1;1;1;1;1;1;1;1;1;1;1
"711";"2021-04-11";"alle";15;15;15;15;15;15;15;15;15;15;15;15;NA;NA;NA;NA;NA;NA;NA;NA;NA;NA;NA;NA;NA;NA;NA;NA;NA;NA;NA;NA;NA;NA;NA
"712";"2021-04-10";"0-60";17;17;17;17;17;17;17;17;17;17;17;17;NA;NA;NA;NA;NA;NA;NA;NA;NA;NA;NA;NA;1;1;1;1;1;1;1;1;1;1;1
"713";"2021-04-10";"60+";12;12;12;12;12;12;12;12;12;12;12;12;NA;NA;NA;NA;NA;NA;NA;NA;NA;NA;NA;NA;1;1;1;1;1;1;1;1;1;1;1
"714";"2021-04-10";"alle";29;29;29;29;29;29;29;29;29;29;29;29;NA;NA;NA;NA;NA;NA;NA;NA;NA;NA;NA;NA;NA;NA;NA;NA;NA;NA;NA;NA;NA;NA;NA
"715";"2021-04-09";"0-60";10;10;10;10;10;10;10;10;10;10;10;10;NA;NA;NA;NA;NA;NA;NA;NA;NA;NA;NA;NA;1;1;1;1;1;1;1;1;1;1;1
"716";"2021-04-09";"60+";7;7;7;7;7;7;7;7;7;7;7;7;NA;NA;NA;NA;NA;NA;NA;NA;NA;NA;NA;NA;1;1;1;1;1;1;1;1;1;1;1
"717";"2021-04-09";"alle";17;17;17;17;17;17;17;17;17;17;17;17;NA;NA;NA;NA;NA;NA;NA;NA;NA;NA;NA;NA;NA;NA;NA;NA;NA;NA;NA;NA;NA;NA;NA
"718";"2021-04-08";"0-60";7;7;7;7;7;7;7;7;7;7;7;7;NA;NA;NA;NA;NA;NA;NA;NA;NA;NA;NA;NA;1;1;1;1;1;1;1;1;1;1;1
"719";"2021-04-08";"60+";11;11;11;11;11;11;11;11;11;11;11;11;NA;NA;NA;NA;NA;NA;NA;NA;NA;NA;NA;NA;1;1;1;1;1;1;1;1;1;1;1
"720";"2021-04-08";"alle";18;18;18;18;18;18;18;18;18;18;18;18;NA;NA;NA;NA;NA;NA;NA;NA;NA;NA;NA;NA;NA;NA;NA;NA;NA;NA;NA;NA;NA;NA;NA
"721";"2021-04-07";"0-60";13;13;13;13;13;13;13;13;13;13;13;13;NA;NA;NA;NA;NA;NA;NA;NA;NA;NA;NA;NA;1;1;1;1;1;1;1;1;1;1;1
"722";"2021-04-07";"60+";9;9;9;9;9;9;9;9;9;9;9;9;NA;NA;NA;NA;NA;NA;NA;NA;NA;NA;NA;NA;1;1;1;1;1;1;1;1;1;1;1
"723";"2021-04-07";"alle";22;22;22;22;22;22;22;22;22;22;22;22;NA;NA;NA;NA;NA;NA;NA;NA;NA;NA;NA;NA;NA;NA;NA;NA;NA;NA;NA;NA;NA;NA;NA
"724";"2021-04-06";"0-60";15;15;15;15;15;15;15;15;15;15;15;15;NA;NA;NA;NA;NA;NA;NA;NA;NA;NA;NA;NA;1;1;1;1;1;1;1;1;1;1;1
"725";"2021-04-06";"60+";6;6;6;6;6;6;6;6;6;6;6;6;NA;NA;NA;NA;NA;NA;NA;NA;NA;NA;NA;NA;1;1;1;1;1;1;1;1;1;1;1
"726";"2021-04-06";"alle";21;21;21;21;21;21;21;21;21;21;21;21;NA;NA;NA;NA;NA;NA;NA;NA;NA;NA;NA;NA;NA;NA;NA;NA;NA;NA;NA;NA;NA;NA;NA
