"date";"age60";"reported";"nowcast_est";"nowcast_0.025";"nowcast_0.1";"nowcast_0.25";"nowcast_0.5";"nowcast_0.75";"nowcast_0.8";"nowcast_0.85";"nowcast_0.9";"nowcast_0.95";"nowcast_0.975";"reported7";"nowcast7_est";"nowcast7_0.025";"nowcast7_0.1";"nowcast7_0.25";"nowcast7_0.5";"nowcast7_0.75";"nowcast7_0.8";"nowcast7_0.85";"nowcast7_0.9";"nowcast7_0.95";"nowcast7_0.975";"F_est";"F_0.025";"F_0.1";"F_0.25";"F_0.5";"F_0.75";"F_0.8";"F_0.85";"F_0.9";"F_0.95";"F_0.975"
2022-07-02;"0-60";24;100,3;82;88;93;100;107;109;111;114;118;121;513;784,1;688,981014101035;707,59818950361;734,907544549873;784;836,296574866929;802;806;866,087996109677;820;891,202480185449;0,23923111456829;0,263449481237756;0,255194276813501;0,247437955899913;0,23896725554194;0,230690442777958;0,228692003530916;0,226282295971206;0,223398435801996;0,21871708969874;0,214869917919221
2022-07-02;"60+";31;142,6;118;126;134;142;152;154;156;160;165;169;946;1441,8;1171,77471729622;1289,11034351024;1357,98214285714;1442;1531,54437229437;1468,2;1475;1612,74602846137;1495;1737,0525582505;0,217399458976427;0,240132128449992;0,231937008624425;0,225085426969649;0,217324966898207;0,20962199460228;0,207818622311255;0,205590526944843;0,202706816607733;0,198765659376958;0,195094162912928
2022-07-02;"alle";55;242,9;209;220;231;243;255;259;263;268;275;281;1459;2225,9;1900,69229317852;2002,99319621229;2103,66829560543;2226;2367,21620842644;2264;2272;2475,95851662629;2300;2580,78445573295;NA;NA;NA;NA;NA;NA;NA;NA;NA;NA;NA
2022-07-01;"0-60";61;124,2;108;113;118;124;130;132;133;136;139;142;590;810;721,249105545617;737,761735739639;759,064301552106;810;860,935698447894;825;829;888,805379193121;841;903,971535304641;0,491123250211365;0,520907497186337;0,510377973423327;0,501054234839428;0,490600356361006;0,480602758259174;0,478119139245485;0,475139614478446;0,471129800371762;0,465588749765722;0,46159002481382
2022-07-01;"60+";115;242,6;217;226;234;243;252;254;257;260;266;271;1075;1503,6;1304,55009105586;1369,64076485982;1417,66490299824;1504;1598,32391374058;1527;1533;1648,7225047352;1550;1725,92590636099;0,473950117390409;0,50341349975379;0,493154804715315;0,483901976872418;0,473527601485168;0,463793250976314;0,461334294696774;0,458494984825684;0,454806451094097;0,449448739791636;0,445030009914734
2022-07-01;"alle";176;366,8;335;345;355;367;379;382;386;390;397;403;1665;2313,6;2048,47970319878;2122,03270366517;2194,58521742087;2314;2447,35997688097;2346;2353;2530,65101924176;2376;2609,77042165182;NA;NA;NA;NA;NA;NA;NA;NA;NA;NA;NA
2022-06-30;"0-60";107;161;146;151;156;161;166;168;169;172;175;178;621;792,7;722,329682663725;737,305185185185;758,35634357762;793;829,168006304176;806;809;852,834478114478;819;869,675473476142;0,664503040874355;0,68697851545866;0,679088571069594;0,672256042312881;0,664116265668983;0,655886211064884;0,653838180700065;0,651518292821992;0,648504824047166;0,644334076973689;0,640707494468193
2022-06-30;"60+";166;254,6;235;242;248;255;262;264;266;268;273;276;1110;1438,3;1259,36086365377;1349,99092518814;1383,08547351525;1439;1498,92014446228;1458;1462;1534,37250996016;1477;1636,30287000055;0,65207768690942;0,674177564319721;0,666819620324764;0,659829328375917;0,651833352240181;0,643827382094996;0,641850636001712;0,63960224903943;0,63658597357026;0,632011185693024;0,628346151941179
2022-06-30;"alle";273;415,6;390;398;407;416;425;427;430;434;440;445;1731;2231;2035,06730434783;2100,5341300654;2143,60797472441;2232;2327,59118583091;2257;2263;2372,33802576248;2282;2444,74475889328;NA;NA;NA;NA;NA;NA;NA;NA;NA;NA;NA
2022-06-29;"0-60";108;138,4;128;131;134;138;142;143;144;146;148;150;624;754,8;702,86552631579;712,50233233968;732,437411095306;755;781,176386913229;766;768;800,845562263134;777;811,971563467492;0,780516216264355;0,796879871759908;0,791372920224538;0,786293500750644;0,780405489933808;0,774370874104559;0,772884650101752;0,771110354416839;0,768833016909525;0,765460370200191;0,762764010107517
2022-06-29;"60+";190;246,3;231;236;241;246;252;253;255;257;260;262;1135;1400,3;1247,9604171948;1339,21136775362;1361,46130150173;1401;1443,55936336799;1417;1421;1467,68102355072;1434;1571,10498678159;0,7714426676441;0,787426056852953;0,7820991833996;0,777015560075422;0,771429850297701;0,765656974431749;0,764287738758276;0,762465332069848;0,760527066090485;0,757339887951304;0,754433316616613
2022-06-29;"alle";298;384,7;366;372;378;384;392;393;395;398;402;405;1759;2155,1;1985,52065679008;2057,61056988613;2094,77622979016;2156;2222,16804265566;2177;2182;2261,36661353248;2198;2346,01470526236;NA;NA;NA;NA;NA;NA;NA;NA;NA;NA;NA
2022-06-28;"0-60";153;180,5;171;174;177;180;184;185;186;187;190;192;656;768,5;720,719784580499;732,109060103442;748,3371998372;769;791,35117351784;779;781;807,400659889424;789;822,947222222222;0,847704653683533;0,859494601656823;0,855449063154684;0,851746938818145;0,847554243957454;0,843026900084832;0,842046284133761;0,840759602248652;0,839166793536533;0,836753435698071;0,834528375409337
2022-06-28;"60+";292;347,8;333;338;342;348;353;354;356;358;362;364;1159;1388,5;1258,92653764876;1332,18680223285;1359,52288282345;1388;1419,99686649625;1404;1408;1450,05163476874;1419;1538,00784117451;0,839615217328943;0,851020924255313;0,847083634936502;0,843638421351534;0,839578649344489;0,835403504776248;0,834286299645474;0,833108071620003;0,831514705387658;0,829154244275458;0,826932332165441
2022-06-28;"alle";445;528,3;510;516;522;528;535;537;539;541;545;549;1815;2157;2009,85568789591;2080,89102662767;2116,27231301069;2157;2203,54592798779;2177;2182;2241,26350623365;2197;2325,16492811895;NA;NA;NA;NA;NA;NA;NA;NA;NA;NA;NA
2022-06-27;"0-60";31;39,8;34;36;38;40;42;42;43;44;45;46;638;732;690,219835571564;701,204936170213;717,940677966102;732;748,067796610169;741;744;765,163914893617;750;780,377032496084;0,779765338662412;0,800092964424407;0,793233780109774;0,786912759293423;0,779238638988822;0,771740028534542;0,769729531745554;0,767302792964497;0,764441504312088;0,759878361407539;0,75635152087032
2022-06-27;"60+";67;87,5;79;82;84;87;91;92;93;94;96;97;1153;1347,8;1224,49750176554;1285,0117205631;1325,78879310345;1348;1370,62643678161;1362;1365;1415,02785475062;1376;1485,17056850282;0,765658642455459;0,786067610852007;0,779446007648095;0,77299342311282;0,765439961392902;0,757814668317216;0,755949684920706;0,753781970216268;0,750940204221406;0,746120791751401;0,742265570075375
2022-06-27;"alle";98;127,3;117;120;123;127;131;132;133;135;137;139;1791;2079,8;1933,25246196687;2009,71374517733;2047,09599373102;2080;2116,08100695465;2098;2102;2156,66879561195;2116;2247,28290060929;NA;NA;NA;NA;NA;NA;NA;NA;NA;NA;NA
2022-06-26;"0-60";29;39,9;34;36;38;40;42;43;44;45;46;47;640;729;688,86204026326;700,706831501832;716,229813664596;729;746,026915113872;738;740;761,735897435897;747;775,475532326752;0,725907770343812;0,748760257418837;0,740860944317311;0,733637627836328;0,725419506001416;0,716832152821371;0,714671606384654;0,712198874222243;0,70874021497523;0,70361407947972;0,699575182107409
2022-06-26;"60+";85;120,4;109;113;116;120;125;126;127;129;131;133;1173;1358,4;1261,10781633617;1294,1414819376;1333,77777777778;1359;1383,49572649573;1372;1375;1426,63327175698;1385;1462,97255114888;0,706078971985696;0,729174395352974;0,721274168334289;0,714050159703123;0,705723668051502;0,697603214764185;0,695458060711794;0,692895654614001;0,689725929876704;0,685279101864173;0,681097668867421
2022-06-26;"alle";114;160,3;147;151;155;160;165;167;168;170;173;175;1813;2087,4;1975,41890199637;2012,23485521886;2055,21375186846;2088;2125,29671150972;2105;2109;2169,34232996633;2122;2211,9565154265;NA;NA;NA;NA;NA;NA;NA;NA;NA;NA;NA
2022-06-25;"0-60";101;126,2;117;120;123;126;130;131;132;133;135;137;654;739,1;698,886772673215;711,641797588601;727,051083591331;739;754,704334365325;748;750;770,642893679211;757;783,102955556534;0,800373082008486;0,816239302608938;0,810561191043945;0,805388558357741;0,799728946333094;0,79369300991112;0,792177642425509;0,790479664568527;0,788220478822613;0,784916054989207;0,781913623542518
2022-06-25;"60+";160;204,4;192;196;200;204;209;210;212;214;217;219;1162;1325,3;1249,35024150423;1270,444;1300,42583732057;1326;1353,91866028708;1338;1341;1387,76608092486;1351;1410,7087027773;0,782792648437776;0,798383779127311;0,792961369011446;0,787979715497439;0,78248299462623;0,776764006127857;0,775249798132284;0,773568784888588;0,771392473676527;0,768089539319478;0,765062931523014
2022-06-25;"alle";261;330,6;314;319;325;331;337;338;340;343;346;349;1816;2064,4;1982,58594867999;1995,91071524966;2037,76545454545;2065;2096,17454545455;2081;2085;2142,6734682861;2097;2158,58129163583;NA;NA;NA;NA;NA;NA;NA;NA;NA;NA;NA
2022-06-24;"0-60";92;107;100;102;104;107;110;110;111;112;114;115;635;704,3;671,361158763112;680,011586787565;693,68671679198;705;717,71679197995;712;714;731,597597150259;720;742,088731971154;0,86016154590661;0,872572862156253;0,868390732542557;0,864243095767206;0,859627802303791;0,854671258767485;0,853473983242512;0,851945904794266;0,850040919455161;0,847562036069945;0,84543504923668
2022-06-24;"60+";150;177,4;167;171;174;177;181;182;183;184;187;189;1167;1306,7;1241,87374000695;1254,40559299191;1278,23800904977;1307;1337,12488687783;1319;1321;1364,00464959569;1330;1378,35007683442;0,845746999059651;0,85870073213998;0,854298537562383;0,850073794394844;0,845447920234403;0,84068966216487;0,839543564300468;0,838174889637434;0,836295371572728;0,833608076114737;0,831530885598478
2022-06-24;"alle";242;284,3;271;276;280;284;289;290;292;294;296;299;1802;2011;1941,14802631579;1952,56760740452;1986,02336448598;2012;2043,46962616822;2026;2030;2078,19725148481;2040;2089,86513157895;NA;NA;NA;NA;NA;NA;NA;NA;NA;NA;NA
2022-06-23;"0-60";110;123,1;117;119;121;123;126;126;127;128;130;131;576;632,9;605,724733096085;612,283210272873;622,030720338983;633;646,431144067797;640;642;656,015794542536;647;664,087722419929;0,893608515924237;0,903233835677674;0,899895960019632;0,896798014825206;0,893072132887844;0,889349751825008;0,888428463681436;0,887235562534277;0,885846035538047;0,883709430590255;0,881939238340021
2022-06-23;"60+";191;216,6;207;210;213;217;220;221;222;224;226;228;1090;1208,5;1148,9647995889;1161,82911051213;1182,12535612536;1209;1238,39126305793;1219;1222;1261,60825355516;1230;1275,97322713258;0,881844910942426;0,891745565489435;0,888282225924606;0,885079552198114;0,881669950019473;0,877885511083119;0,876992205688684;0,875924562879539;0,874472734914595;0,872344816096704;0,870494660728452
2022-06-23;"alle";301;339,7;328;332;335;340;344;345;347;349;351;354;1666;1841,4;1776,99017991812;1789,61151594583;1816,16666666667;1842;1872,5390070922;1856;1859;1899,38058540848;1868;1913,06726459815;NA;NA;NA;NA;NA;NA;NA;NA;NA;NA;NA
2022-06-22;"0-60";140;152,1;146;148;150;152;154;155;156;157;158;160;552;600,7;576,978084698501;581,307545379799;590,339340659341;601;612,383296703297;607;609;623,6588830561;614;628,92388462879;0,920654230156295;0,928198923879574;0,92574693008682;0,923266822672192;0,920513795598936;0,917559529580447;0,916792331506269;0,915856942752561;0,914860543757412;0,913183152876353;0,911818064158023
2022-06-22;"60+";214;234,5;226;229;231;234;237;238;239;241;242;244;1022;1122,4;1064,33397093155;1078,44958703444;1092,55427841635;1123;1153,05236270753;1132;1134;1170,28627084307;1142;1186,72805181113;0,91267589231079;0,920118721326488;0,917551982323538;0,915263721570861;0,912633951341349;0,909805894412326;0,909134584636796;0,908333131010745;0,907304155548105;0,905677843950721;0,90440143747012
2022-06-22;"alle";354;386,5;376;379;382;386;390;392;393;394;397;399;1574;1723,1;1661,53136042403;1677,79776897287;1695,35462962963;1724;1753,28452380952;1736;1738;1773,17088692472;1747;1791,27370435807;NA;NA;NA;NA;NA;NA;NA;NA;NA;NA;NA
2022-06-21;"0-60";135;144;139;140;142;144;146;147;147;148;149;150;514;554,7;532,476963512678;539,387953216374;545,29056540649;555;565,310639009702;561;562;573,193770790613;567;579,722789115646;0,937634776094111;0,943697145130887;0,941613079763432;0,939667669629174;0,937428051846701;0,935109526357416;0,934531061401457;0,933887503210278;0,933011267802043;0,931634566298896;0,930537424523122
2022-06-21;"60+";286;307,1;299;301;304;307;310;311;312;313;315;317;939;1024,1;971,014723045157;980,763323233224;1000,93834586466;1024;1050,2992481203;1033;1035;1073,88345512878;1041;1082,18807792441;0,93139830482976;0,937306831628896;0,935288178012063;0,93341085874482;0,931299936606335;0,929103912926999;0,928538151301681;0,927854557488384;0,927033274307704;0,925819769384981;0,924700580734199
2022-06-21;"alle";421;451;441;444;447;451;455;456;457;459;461;463;1453;1578,8;1515,1371024735;1534,20449072262;1552,93725284673;1579;1609,3047786936;1590;1593;1627,34701009943;1601;1648,88268551237;NA;NA;NA;NA;NA;NA;NA;NA;NA;NA;NA
2022-06-20;"0-60";33;36,8;34;34;35;37;38;38;39;39;40;41;489;524;503,63353229999;509,111726408741;515,372307692308;524;534,784615384615;530;531;540,749307790167;535;549,920958890921;0,896859151433694;0,908273272961186;0,904380074197634;0,900634882287058;0,896341437151194;0,891900737263164;0,890759357933305;0,889450448176749;0,887712151297602;0,885235424971971;0,882685920519264
2022-06-20;"60+";87;98,1;92;94;96;98;100;101;102;103;104;105;804;872,4;825,374102432779;829,147630700779;846,903805496829;873;903,562015503876;880;882;916,411182795699;888;925,734249679898;0,886661993499219;0,898567529783645;0,89438244579127;0,890745656602845;0,88634962750788;0,881942254821115;0,880814766944519;0,879493904383005;0,877933125518796;0,875268398510176;0,873051318404615
2022-06-20;"alle";120;134,9;128;130;132;135;138;138;139;140;142;143;1293;1396,4;1332,92359507159;1357,87977207977;1373,75646167558;1397;1422,71546345811;1407;1409;1441,24444444444;1416;1466,40201665002;NA;NA;NA;NA;NA;NA;NA;NA;NA;NA;NA
2022-06-19;"0-60";43;50;45;47;48;50;52;52;53;54;55;56;489;521,8;501,892513937675;508,113191489362;514,740469208211;522;529,602639296188;527;528;538,304680851064;533;546,131371853953;0,860290277548687;0,874534351406169;0,869677174524893;0,865006201708701;0,859588044268084;0,853994670946123;0,852505664695331;0,850898490792455;0,848700613023807;0,845383292246515;0,842427713977079
2022-06-19;"60+";74;87,3;81;83;85;87;90;90;91;92;94;95;769;828,7;781,043329326923;785,080765639589;800,496103896104;829;854,924675324675;836;838;874,765172735761;843;881,213401442308;0,847524315244252;0,862183623461268;0,857193806515395;0,852463049409869;0,847156037238449;0,841761253050358;0,840270391220938;0,838631050452314;0,836641707719477;0,833350491550265;0,830717535735799
2022-06-19;"alle";117;137,3;129;132;134;137;140;141;142;144;145;147;1258;1350,5;1290,32683612981;1307,59788467636;1332,53051058531;1351;1371,23402624772;1360;1362;1400,26645377542;1369;1419,93057369637;NA;NA;NA;NA;NA;NA;NA;NA;NA;NA;NA
2022-06-18;"0-60";82;91,4;86;88;89;91;94;94;95;96;97;98;473;500,6;483,232811334825;487,80951262478;495,562845849802;501;506,75652173913;506;507;514,940849481308;510;523,032618692518;0,896988887246703;0,907042866928017;0,903412308459072;0,90010074255866;0,896252992846331;0,892265038280803;0,891291988321413;0,890125371306971;0,888635432891098;0,886156031313324;0,884421739185346
2022-06-18;"60+";165;185,8;177;180;183;186;189;190;191;192;194;196;743;792,2;743;750,992114934848;763,642763157895;792;818,560526315789;799;800;836,09535583027;805;851,684870559602;0,887964972798302;0,898014466189208;0,894412529471897;0,891262042945286;0,887565310693959;0,88384336854749;0,882870001975968;0,881655273674804;0,880372860661327;0,878130750648383;0,876012365705591
2022-06-18;"alle";247;277,2;267;270;273;277;281;282;284;285;287;289;1216;1292,9;1227,37537147762;1249,01054440224;1274,77350448408;1293;1314,71324036661;1302;1304;1341,21528305299;1310;1370,13852859342;NA;NA;NA;NA;NA;NA;NA;NA;NA;NA;NA
2022-06-17;"0-60";33;35,6;33;34;34;35;37;37;37;38;38;39;461;482,4;465,085826886586;471,726981016534;478,455128205128;483;486,576923076923;487;488;495,444800979792;491;504,248837500261;0,927999185704766;0,935509303321493;0,932876850390866;0,930363288490974;0,92743139077316;0,924337859164821;0,923570897413536;0,92264731413767;0,921394119524833;0,919708723729941;0,918372537210858
2022-06-17;"60+";73;79,2;75;76;77;79;81;81;82;83;84;85;692;724,9;692;692;699,078431372549;725;752,045751633987;730;732;764,464319890636;735;777,899095022624;0,922148240989618;0,929884961631484;0,927184818636321;0,924701800740664;0,921822306063192;0,918905190468082;0,918175105451975;0,917288842678842;0,916149128674781;0,914478595295487;0,91300300394272
2022-06-17;"alle";106;114,7;109;111;113;115;117;117;118;119;120;121;1153;1207,3;1153;1167,45321476212;1179,94144460028;1208;1236,72335203366;1215;1216;1253,14522602638;1221;1280,27960023742;NA;NA;NA;NA;NA;NA;NA;NA;NA;NA;NA
2022-06-16;"0-60";86;90,9;87;88;89;91;92;93;93;94;95;96;516;537,4;519,878290899242;525,629573664328;531,964031620553;538;543,155731225296;542;543;551,786076632488;546;559,510728150957;0,946237668885895;0,951988776808706;0,949933277137663;0,947968625698008;0,945787147429859;0,943463709521024;0,942860432042948;0,942138556210548;0,941265317588129;0,939788229282615;0,938648693523283
2022-06-16;"60+";123;130,4;126;127;128;130;132;133;133;134;135;136;756;786,3;756;756;756;786;816,428226227796;791;793;828,952672955975;796;848,071422300264;0,94300080754259;0,948655055502171;0,94667165866638;0,944839259073091;0,942762031403334;0,940521835974226;0,939974631965789;0,939312696192434;0,938425758020691;0,93703136122049;0,935961421056171
2022-06-16;"alle";209;221,3;215;217;219;221;224;224;225;226;228;229;1272;1323,7;1272;1279,6275261324;1294,09022738268;1324;1363,38969521045;1331;1333;1375,04216027875;1338;1404,43325451749;NA;NA;NA;NA;NA;NA;NA;NA;NA;NA;NA
2022-06-15;"0-60";102;106,1;103;104;105;106;107;108;108;109;110;111;527;545,5;529,640538033395;533,614973262032;540,456896551724;546;552,560344827586;550;551;559,545940690326;554;567,703246753247;0,961805042797095;0,96642605618693;0,964836318731544;0,963369020647015;0,961662201812758;0,959878717549628;0,959402113790839;0,958886324282829;0,958185535871744;0,957137782310867;0,956141344317793
2022-06-15;"60+";131;136,2;132;133;135;136;138;138;139;139;140;141;763;788,1;763;763;763;788;823,748888888889;793;794;832,891820330969;798;853,134920677314;0,961873054710256;0,965969459318039;0,964586603709786;0,963312104510518;0,961815196482969;0,960227351820974;0,959840298075657;0,959379507026621;0,958775020224047;0,957783497482128;0,957005108529231
2022-06-15;"alle";233;242,2;237;238;240;242;244;245;245;246;248;249;1290;1333,6;1290;1290;1301,25319148936;1334;1371,57234042553;1340;1342;1388,38986587183;1347;1416,20764940239;NA;NA;NA;NA;NA;NA;NA;NA;NA;NA;NA
2022-06-14;"0-60";110;113,3;110;111;112;113;114;115;115;116;117;117;504;519,5;504;509,642247510669;513,217606707317;520;525,782393292683;523;524;531,548364153627;527;541,999315336463;0,970922248061015;0,974527673108528;0,973294383927537;0,972140705769554;0,970761211527079;0,969346544323825;0,968987692762391;0,968550533273743;0,967984705509494;0,967184535168382;0,966379500499406
2022-06-14;"60+";151;155,3;152;153;154;155;157;157;158;158;159;160;810;831,6;810;810;810;832;867,951612903226;836;837;880,229935042735;840;899,133661327231;0,97203572547203;0,975204928080194;0,974166682264033;0,973149466205438;0,971952723044291;0,970709852015915;0,970393438993532;0,970038276495178;0,969531532904486;0,968813412128719;0,968209881399839
2022-06-14;"alle";261;268,6;264;265;267;269;271;271;272;272;274;275;1314;1351;1314;1314;1318,41411967284;1351;1391,73235040895;1357;1359;1415,31879225711;1363;1439,51353119564;NA;NA;NA;NA;NA;NA;NA;NA;NA;NA;NA
2022-06-13;"0-60";33;34,6;33;33;34;34;35;36;36;36;37;38;428;440,5;428;430,853027781334;433,297759433962;441;447,702240566038;444;445;452,290743822814;447;463,3703991303;0,952689402794779;0,959337604541338;0,957003130578403;0,954829080508396;0,952277101331634;0,94951644593766;0,94884286954576;0,94803035138559;0,947010150916004;0,945308401247435;0,943938175059772
2022-06-13;"60+";52;54,4;52;53;53;54;55;56;56;57;57;58;720;737,7;720;720;720;738;777,65;742;743;789,431362831858;746;800,272316931421;0,955525656650156;0,961631589988329;0,959482019637309;0,95754854287302;0,955276073473172;0,95286759514779;0,95227075225378;0,951621935243437;0,950670716515173;0,949219877810726;0,947989807740592
2022-06-13;"alle";85;89,1;86;87;88;89;90;91;91;92;93;94;1148;1178,2;1148;1148;1148;1178;1224,45858913472;1184;1185;1240,69254964681;1189;1263,38244018716;NA;NA;NA;NA;NA;NA;NA;NA;NA;NA;NA
2022-06-12;"0-60";27;28,8;27;27;28;29;30;30;30;31;31;32;408;419,1;408;408,603257918552;412,470588235294;419;428,254901960784;422;423;431,644886877828;426;442,479383116883;0,937999741197797;0,946943795616907;0,943757072903571;0,940925807666817;0,937397360582879;0,933702737460171;0,932688078110214;0,931582618107309;0,930130612716301;0,927885941750183;0,925807292432386
2022-06-12;"60+";48;50,9;48;49;50;51;52;52;53;53;54;55;705;720,8;705;705;705;721;764,06779661017;724;725;777,84;728;786,23875034256;0,943665867686477;0,951569913026393;0,948874566599471;0,946357342294222;0,943377990624279;0,940235418614452;0,939354375672485;0,938429871783255;0,937141340764296;0,935077929596508;0,933305637530779
2022-06-12;"alle";75;79,7;76;77;78;79;81;82;82;83;84;84;1113;1139,9;1113;1113;1113;1140;1186,3141025641;1145;1146;1206,87317073171;1151;1230,41672261215;NA;NA;NA;NA;NA;NA;NA;NA;NA;NA;NA
2022-06-11;"0-60";70;73,2;70;71;72;73;74;75;75;76;76;77;402;411,8;402;402;405,5;412;419,5;415;416;427,123639455782;418;434,157653592503;0,956887290616244;0,96342981595735;0,961096307049271;0,958939101945163;0,956358640370617;0,953547214268963;0,952803862190973;0,951924909507715;0,950877425339941;0,94908163801788;0,947467954201441
2022-06-11;"60+";114;118,5;115;116;117;118;120;120;121;121;122;123;699;712,8;699;699;699;713;761,994243684043;716;717;763,151694770908;720;783,64;0,961829368271909;0,967628535033051;0,965651417058989;0,963723268874059;0,961558669059637;0,959175873092436;0,958595335659058;0,957828693206881;0,956955740245591;0,955469638377701;0,954110335803567
2022-06-11;"alle";184;191,7;187;188;190;192;194;194;195;196;197;198;1101;1124,6;1101;1101;1101;1125;1166,13815789474;1130;1131;1190,19906227884;1135;1216,18112071752;NA;NA;NA;NA;NA;NA;NA;NA;NA;NA;NA
2022-06-10;"0-60";88;90,6;88;89;89;90;92;92;92;93;94;94;370;377,3;370;370;370;377;384,317222222222;380;380;389,516283716284;383;401,857661290323;0,971436050743106;0,976274171755165;0,974618732446137;0,973009631264881;0,970994424265177;0,968850631584879;0,968241547599449;0,967528576998653;0,966666997589095;0,965289872264943;0,963835248239344
2022-06-10;"60+";137;140,5;137;138;139;140;142;142;143;143;144;145;678;688,7;678;678;678;689;726,009296822177;692;693;744,38567086409;695;751,177980392157;0,974921997799635;0,979283871816588;0,977818471562701;0,976414813210091;0,974695495004795;0,972894995116815;0,972419506691068;0,971832974100671;0,971090995395888;0,969820540641461;0,968699186204476
2022-06-10;"alle";225;231,1;227;228;229;231;233;233;234;235;236;237;1048;1066;1048;1048;1048;1066;1108,56043956044;1070;1071;1130,81666042213;1074;1149,41666666667;NA;NA;NA;NA;NA;NA;NA;NA;NA;NA;NA
2022-06-09;"0-60";97;99;97;97;98;99;100;100;101;101;102;102;351;356,5;351;351;351;356;363;359;359;369,432716782623;361;376,938559322034;0,979980572272574;0,983690261389414;0,982403214055031;0,981134625958319;0,979659880046859;0,97800939697803;0,977574960422101;0,977016903411018;0,976346941593104;0,97530142947917;0,974185620672516
2022-06-09;"60+";130;132,3;130;130;131;132;133;134;134;134;135;136;614;622;614;614;614;622;657,466666666667;625;625;667,097027197976;627;680,614898989899;0,982918205249522;0,986090981031894;0,985050744723824;0,984024314249426;0,982748851746713;0,981367658034323;0,981012698648393;0,98060972187513;0,980017215160429;0,979078168310407;0,97812165307832
2022-06-09;"alle";227;231,2;228;229;230;231;233;233;234;234;235;236;965;978,5;965;965;965;979;1017,74242424242;982;983;1032,86218487395;986;1051,70991910167;NA;NA;NA;NA;NA;NA;NA;NA;NA;NA;NA
2022-06-08;"0-60";79;80;79;79;79;80;81;81;81;81;82;82;313;317;313;313;313;317;321,678646934461;319;319;330,290526315789;321;335,796725586786;0,987242961974887;0,989874141244371;0,989019609502013;0,988159488836399;0,987165895763255;0,986056761351299;0,985774083997902;0,985442118542802;0,984988746181795;0,984324223932457;0,983681237456928
2022-06-08;"60+";178;179,6;178;178;179;180;180;181;181;181;182;183;560;566,4;560;560;560;566;597,967776584318;569;569;608,261538461539;571;616,590766823161;0,990832806931909;0,992677130338008;0,992055396685755;0,991483667315445;0,990798115440251;0,990041862343433;0,989853545987975;0,989620318078779;0,989326170051198;0,988888122958704;0,988476106648897
2022-06-08;"alle";257;259,7;257;258;258;260;261;261;261;262;263;263;873;883,4;873;873;873;883;925,000000000001;887;887;931,956304985338;890;952,461968085106;NA;NA;NA;NA;NA;NA;NA;NA;NA;NA;NA
2022-06-07;"0-60";34;34,3;34;34;34;34;35;35;35;35;35;36;282;285,2;282;282;282;285;289,596273291926;287;287;297,456140350877;289;303,436020090887;0,990147320998669;0,992299977975251;0,991584563289198;0,990889806743568;0,990053060055192;0,989130687852039;0,988899484250359;0,988609966191102;0,988217906016897;0,98766141580419;0,987110051970756
2022-06-07;"60+";61;61,4;61;61;61;61;62;62;62;62;63;63;485;490,1;485;485;485;490;529,272696476965;492;493;526,171657754011;494;533,224942748091;0,992804786586593;0,994332946480266;0,993809394910569;0,993346051623865;0,992762240513784;0,992126291551838;0,99196998241837;0,991790242778303;0,991528617883548;0,991133291831179;0,990789703454153
2022-06-07;"alle";95;95,8;95;95;95;96;96;96;97;97;97;98;767;775,3;767;767;767;775;820,888461538462;778;779;828,729414980864;781;835,134673012515;NA;NA;NA;NA;NA;NA;NA;NA;NA;NA;NA
2022-06-06;"0-60";13;13,2;13;13;13;13;13;14;14;14;14;14;312;315,1;312;312;312;315;320,793067226891;317;317;328,611363636364;319;334,661117968612;0,982846185543685;0,987068253177323;0,985687646075037;0,984313719120533;0,982600841873738;0,980660226403117;0,980127164035083;0,97948386631281;0,978650448772316;0,977392054959341;0,976173240432257
2022-06-06;"60+";37;37,5;37;37;37;37;38;38;38;39;39;39;518;522,9;518;518;518;523;568,672379032259;525;526;563,068512222762;527;571,094469653999;0,986141714466053;0,98943285571999;0,98839153159209;0,987350194570759;0,986035950674656;0,984541202425831;0,984166956491981;0,983709632300238;0,983119689532964;0,98218691108405;0,981259986607219
2022-06-06;"alle";50;50,7;50;50;50;51;51;51;52;52;52;53;830;838;830;830;830;838;874,340866290018;841;842;884,725891291642;844;901,957803672317;NA;NA;NA;NA;NA;NA;NA;NA;NA;NA;NA
2022-06-05;"0-60";21;21,5;21;21;21;21;22;22;22;22;23;23;313;316;313;313;313;316;322,63082437276;318;318;331,670289855072;320;330,762262262262;0,97660435948001;0,98278108983229;0,980812329972821;0,978889738767383;0,976303704234489;0,973331782666069;0,97253969187287;0,971529782522052;0,970150498096785;0,968127758479399;0,966089734035977
2022-06-05;"60+";42;42,8;42;42;42;43;43;44;44;44;45;45;507;511,6;507;507;507;512;542,28947368421;514;514;555,966003616636;516;563,263722033898;0,980218571760888;0,985326669425428;0,98371299370193;0,982117366145578;0,980069180593842;0,977805674358123;0,977260650266365;0,976529624732698;0,975570769037998;0,97391792434088;0,972391481674799
2022-06-05;"alle";63;64,4;63;63;64;64;65;65;66;66;67;67;820;827,6;820;820;820;828;871,929824561403;830;831;879,679096045198;833;886,880632411067;NA;NA;NA;NA;NA;NA;NA;NA;NA;NA;NA
2022-06-04;"0-60";38;38,7;38;38;38;38;39;39;39;40;40;41;309;311,7;309;309;309;312;320,132352941177;313;314;324,534505494506;315;328,699900990099;0,983112658838792;0,987925788236087;0,986480932151361;0,984938941812712;0,982894552948079;0,980423465928126;0,979752333121737;0,97894943610302;0,977739551520607;0,975920746558161;0,974037247374632
2022-06-04;"60+";93;94,4;93;93;94;94;95;95;96;96;97;97;490;494,1;490;490;490;494;514,693181818182;496;496;533,970472792149;498;539,722252824859;0,984803343729006;0,98902441835115;0,987688481747751;0,986432389905883;0,984731921958849;0,982763490302198;0,982259007517408;0,98167826532714;0,98083593421194;0,979424340497019;0,978027415341741
2022-06-04;"alle";131;133,1;131;131;132;133;134;134;135;135;136;136;799;805,7;799;799;799;806;851,182336182336;808;809;861,545504206271;811;866,455003679176;NA;NA;NA;NA;NA;NA;NA;NA;NA;NA;NA
2022-06-03;"0-60";69;69,8;69;69;69;70;70;71;71;71;72;72;321;323,4;321;321;321;323;333,565656565657;325;325;337,896638655462;327;338,608118811881;0,988335373807682;0,992100799928289;0,990970520866639;0,989800391375815;0,988191071329267;0,986140924827621;0,98558180294144;0,984952702810973;0,983982394692897;0,982419544813042;0,98095463313539
2022-06-03;"60+";73;73,8;73;73;73;74;74;75;75;75;76;76;468;471,3;468;468;468;471;511,060606060606;473;473;509,055092276144;475;517,102811986863;0,988595289325583;0,992086431069343;0,9910413218939;0,9899833465618;0,988538466270606;0,986888434338187;0,986446073590771;0,98587945270176;0,985202492914806;0,983937479617259;0,982802159849834
2022-06-03;"alle";142;143,7;142;142;143;144;145;145;145;146;146;147;789;794,7;789;789;789;795;840,435185185184;797;798;837,301978384318;800;854,999183599419;NA;NA;NA;NA;NA;NA;NA;NA;NA;NA;NA
2022-06-02;"0-60";59;59,5;59;59;59;59;60;60;60;60;61;61;277;278,7;277;277;277;279;287,980911330049;280;280;292,954025974026;282;294,334035197989;0,991919366177511;0,994603110280337;0,99382978221603;0,99298523807716;0,991842110052175;0,990328424896298;0,989933479112493;0,989466662100099;0,988731973223502;0,987615855426372;0,986464870098424
2022-06-02;"60+";76;76,6;76;76;76;76;77;77;77;78;78;79;418;420,6;418;418;418;420;454,583333333333;422;422;454,59649122807;424;464,718925258556;0,991868561263058;0,99445987670707;0,993705345728382;0,992921192586321;0,991825068241236;0,990581623696441;0,990231646265425;0,989816903451096;0,989265486507122;0,98835726566369;0,987425727299097
2022-06-02;"alle";135;136,1;135;135;135;136;137;137;137;138;138;139;695;699,4;695;695;695;699;733;701;702;748,462857142857;704;755,997222222222;NA;NA;NA;NA;NA;NA;NA;NA;NA;NA;NA
2022-06-01;"0-60";48;48,2;48;48;48;48;48;48;49;49;49;49;259;260,4;259;259;259;260;265,47027027027;261;262;271,128727272727;263;273,129166666667;0,995608954950955;0,996955641240907;0,996535124075286;0,996115528586977;0,995583893210897;0,994964251874533;0,994786770643037;0,994612794976949;0,994338816871382;0,993925611228056;0,993531985977086
2022-06-01;"60+";103;103,3;103;103;103;103;104;104;104;104;104;105;409;411,3;409;409;409;411;429,152927120669;413;413;452,753804347826;414;450,078497890295;0,9966594057145;0,997540184556564;0,997268852746071;0,99699191611906;0,996645912065345;0,996261998920517;0,996160871627116;0,996043829882039;0,995895215601306;0,995651961893772;0,995405664565929
2022-06-01;"alle";151;151,6;151;151;151;151;152;152;152;153;153;153;668;671,7;668;668;668;672;700,211489361702;674;674;717,703754453275;676;716,734469696969;NA;NA;NA;NA;NA;NA;NA;NA;NA;NA;NA
2022-05-31;"0-60";64;64,2;64;64;64;64;64;65;65;65;65;66;258;259,2;258;258;258;259;266,682706766917;260;260;272,105487804878;261;274,898780487805;0,996228182101881;0,997523581997583;0,997146463915661;0,99674096067396;0,996202791136654;0,995564501923848;0,995402335070793;0,995201609910356;0,994901870421233;0,994470313294137;0,994064818623315
2022-05-31;"60+";94;94,3;94;94;94;94;95;95;95;95;95;96;378;380;378;378;378;380;407,885714285714;381;382;411,910821382008;383;412,062983247423;0,996792551035613;0,997712073895248;0,997427488105664;0,99714903481052;0,996785344753306;0,996376083014064;0,996269460550215;0,996151768686495;0,995987452690337;0,995676556695467;0,995412549677299
2022-05-31;"alle";158;158,5;158;158;158;158;159;159;159;160;160;160;636;639,2;636;636;636;639;658,873684210525;641;641;681,627368421052;643;693,84760087241;NA;NA;NA;NA;NA;NA;NA;NA;NA;NA;NA
2022-05-30;"0-60";14;14,1;14;14;14;14;14;14;14;15;15;15;245;245,9;245;245;245;246;257,017857142857;247;247;254,64826873385;248;264,9375;0,992469463716834;0,995562556708114;0,994675525598975;0,993723606311167;0,99242484065285;0,990777243942479;0,990314131972654;0,989775178454707;0,989063328950295;0,98777738767385;0,986540401464567
2022-05-30;"60+";26;26,2;26;26;26;26;26;26;27;27;27;27;389;390,7;389;389;389;391;429,455294117647;392;392;430,135266457681;393;430,624300986842;0,99220813338305;0,994807945639831;0,994050724414366;0,993258073457852;0,992190632446874;0,990944977242148;0,990629129480161;0,990230427689033;0,989688521157741;0,988815529520322;0,988041481756277
2022-05-30;"alle";40;40,3;40;40;40;40;41;41;41;41;41;42;634;636,6;634;634;634;637;673,31818181818;638;639;676,75037593985;640;689,598752798209;NA;NA;NA;NA;NA;NA;NA;NA;NA;NA;NA
2022-05-29;"0-60";17;17,2;17;17;17;17;17;17;18;18;18;18;239;239,8;239;239;239;240;242,095238095238;241;241;252,138823529412;242;255,575833333333;0,989411377060981;0,99417617850904;0,992864444773405;0,991351835737868;0,989376574713561;0,986749603664928;0,986028691307146;0,985122446143942;0,983998984613402;0,982008416989038;0,979912685509613
2022-05-29;"60+";25;25,3;25;25;25;25;26;26;26;26;26;27;391;392,5;391;391;391;392;410,277777777778;393;394;422,256756756757;395;441,356895101956;0,98811091670877;0,992366037105201;0,991096143423587;0,989826354583157;0,98809662891239;0,986104123426948;0,98558824654995;0,984981279317527;0,984120068265561;0,982626286109665;0,981227672750483
2022-05-29;"alle";42;42,5;42;42;42;42;43;43;43;43;44;44;630;632,3;630;630;630;632;653,681818181818;634;634;685,962690785756;635;684,728536641929;NA;NA;NA;NA;NA;NA;NA;NA;NA;NA;NA
2022-05-28;"0-60";50;50,4;50;50;50;50;51;51;51;51;52;52;241;241,6;241;241;241;241;247,857142857143;242;243;258,228070175439;243;262,808455284553;0,992314224164311;0,996091323294019;0,995059221661539;0,993882564149065;0,992255908673329;0,990164370363088;0,989555948179244;0,988816354925633;0,987850841222348;0,986111715504827;0,984399221680038
2022-05-28;"60+";71;71,7;71;71;71;71;72;72;73;73;73;74;402;403,2;402;402;402;403;437,904761904762;404;404;444,12;405;448,36862435948;0,990480036599625;0,994053351957086;0,993022126510893;0,991942507374443;0,990470205107372;0,988773333684809;0,988296405307358;0,987711964292379;0,986951108657604;0,985712346435699;0,984501850907805
2022-05-28;"alle";121;122,1;121;121;121;122;123;123;123;124;124;125;643;644,8;643;643;643;645;688,814545454546;646;646;696,765517241381;648;700,156923076925;NA;NA;NA;NA;NA;NA;NA;NA;NA;NA;NA
2022-05-27;"0-60";25;25,1;25;25;25;25;25;25;25;26;26;26;224;224,3;224;224;224;224;230,29696969697;225;225;235,684413793103;225;245,195713073005;0,9948381827963;0,997628145157732;0,996913533878074;0,996032092516777;0,994810372355848;0,993168582401512;0,992687501439239;0,992125002180998;0,991286338747448;0,989887866619276;0,988545487831695
2022-05-27;"60+";23;23,2;23;23;23;23;23;23;24;24;24;24;399;399,5;399;399;399;399;424,291666666666;400;400;418;401;431,688267813267;0,99273309199552;0,995704277831972;0,994853930937437;0,99396839748732;0,992721592805712;0,99127573203864;0,990897201233986;0,990364389609683;0,989719679798886;0,98865995246223;0,987639815065364
2022-05-27;"alle";48;48,3;48;48;48;48;49;49;49;49;49;50;623;623,8;623;623;623;624;633,729523809526;624;625;664,133333333335;626;675,910338050314;NA;NA;NA;NA;NA;NA;NA;NA;NA;NA;NA
2022-05-26;"0-60";41;41,1;41;41;41;41;41;41;41;42;42;42;241;241,1;241;241;241;241;244,092857142857;241;241;261,346218487395;242;257,158391608391;0,997079837548997;0,998783124248766;0,998349058962612;0,997827270395362;0,997047275050555;0,996007889676687;0,995685174504823;0,995318622199189;0,994790160398201;0,993850276376143;0,992812877675105
2022-05-26;"60+";67;67,3;67;67;67;67;68;68;68;68;68;69;473;473,3;473;473;473;473;520,863636363636;474;474;502,576470588234;475;522,143333333332;0,995328178824022;0,997400960636299;0,996827103884796;0,996185925456926;0,99533187392715;0,994299921520942;0,994004074271372;0,993645122282864;0,993142123607869;0,992385323822372;0,991575140236019
2022-05-26;"alle";108;108,4;108;108;108;108;109;109;109;109;110;110;714;714,5;714;714;714;714;750,000000000001;715;715;736,659310344827;716;763,437921980496;NA;NA;NA;NA;NA;NA;NA;NA;NA;NA;NA
2022-05-25;"0-60";47;47;47;47;47;47;47;47;47;47;47;47;259;259;259;259;259;259;259;259;259;259;259;259;0,999797792747948;0,999913994509893;0,999884870946352;0,999848138913692;0,999795788708228;0,999724992550929;0,999702376928808;0,999677618818055;0,999642938281394;0,999579611988351;0,9995148266059
2022-05-25;"60+";72;72;72;72;72;72;72;72;72;72;72;72;512;512;512;512;512;512;512;512;512;512;512;559,690476190476;0,999687696691677;0,999826047629961;0,999786568028327;0,999745235170258;0,999687418639574;0,999617656944409;0,999598091207868;0,999574587380235;0,999543465567934;0,99948873213462;0,999436251256076
2022-05-25;"alle";119;119;119;119;119;119;119;119;119;119;119;120;771;771;771;771;771;771;771;771;771;771;771;826,387651821864;NA;NA;NA;NA;NA;NA;NA;NA;NA;NA;NA
2022-05-24;"0-60";51;51;51;51;51;51;51;51;51;51;51;51;280;280;280;280;280;280;280;280;280;280;280;280;0,999951114226871;0,999980345769653;0,999973086968851;0,999963838294147;0,999950834317009;0,999932500934665;0,999926618586795;0,999920086367307;0,999910671874968;0,999894350587145;0,999876821790428
2022-05-24;"60+";105;105;105;105;105;105;105;105;105;105;105;105;554;554;554;554;554;554;554;554;554;554;554;554;0,999920177166446;0,999957103219082;0,999947031602747;0,999935687755292;0,999920167838227;0,999900907354222;0,999896006163752;0,99988935028052;0,999880343671274;0,999865683309033;0,999851148941419
2022-05-24;"alle";156;156;156;156;156;156;156;156;156;156;156;156;834;834;834;834;834;834;834;834;834;834;834;834;NA;NA;NA;NA;NA;NA;NA;NA;NA;NA;NA
